observation_date,SPASTT01ATQ661N
1957-01-01,5.744933
1957-04-01,5.281412
1957-07-01,5.237627
1957-10-01,5.103251
1958-01-01,4.953777
1958-04-01,4.754479
1958-07-01,4.691066
1958-10-01,5.219509
1959-01-01,5.335766
1959-04-01,5.5864
1959-07-01,7.573346
1959-10-01,7.378577
1960-01-01,7.887392
1960-04-01,8.399227
1960-07-01,9.049967
1960-10-01,9.964929
1961-01-01,12.05153
1961-04-01,13.37716
1961-07-01,15.14518
1961-10-01,16.02089
1962-01-01,17.10042
1962-04-01,15.52566
1962-07-01,13.39528
1962-10-01,12.86231
1963-01-01,12.73699
1963-04-01,12.37312
1963-07-01,11.7103
1963-10-01,11.72087
1964-01-01,11.82354
1964-04-01,11.434
1964-07-01,11.31925
1964-10-01,11.60612
1965-01-01,11.37663
1965-04-01,11.16525
1965-07-01,10.86932
1965-10-01,10.78326
1966-01-01,10.68965
1966-04-01,10.84516
1966-07-01,10.4662
1966-10-01,10.02683
1967-01-01,9.777709
1967-04-01,9.67806
1967-07-01,9.76714
1967-10-01,10.513
1968-01-01,10.71327
1968-04-01,10.47065
1968-07-01,10.47455
1968-10-01,10.41807
1969-01-01,10.47988
1969-04-01,10.28947
1969-07-01,10.34063
1969-10-01,11.05466
1970-01-01,11.31469
1970-04-01,11.39036
1970-07-01,12.11753
1970-10-01,12.24897
1971-01-01,12.07739
1971-04-01,12.16087
1971-07-01,11.91362
1971-10-01,11.65927
1972-01-01,11.71434
1972-04-01,12.25607
1972-07-01,13.83902
1972-10-01,14.16903
1973-01-01,15.11858
1973-04-01,15.91218
1973-07-01,15.83723
1973-10-01,14.74629
1974-01-01,14.96263
1974-04-01,14.93031
1974-07-01,14.3367
1974-10-01,14.02125
1975-01-01,14.42729
1975-04-01,14.60526
1975-07-01,14.4248
1975-10-01,14.4685
1976-01-01,14.89159
1976-04-01,14.88342
1976-07-01,14.64718
1976-10-01,14.37649
1977-01-01,14.27915
1977-04-01,14.18608
1977-07-01,13.82481
1977-10-01,12.93813
1978-01-01,12.89834
1978-04-01,12.79817
1978-07-01,13.03333
1978-10-01,12.92179
1979-01-01,12.7328
1979-04-01,13.05465
1979-07-01,12.87241
1979-10-01,13.40243
1980-01-01,13.83333
1980-04-01,13.59035
1980-07-01,13.41557
1980-10-01,13.26033
1981-01-01,12.87916
1981-04-01,12.46708
1981-07-01,11.79426
1981-10-01,11.37864
1982-01-01,11.32464
1982-04-01,10.9353
1982-07-01,10.43583
1982-10-01,10.38717
1983-01-01,10.80777
1983-04-01,11.90616
1983-07-01,11.82837
1983-10-01,11.77295
1984-01-01,11.88165
1984-04-01,11.83831
1984-07-01,11.70545
1984-10-01,12.39568
1985-01-01,14.05145
1985-04-01,22.12921
1985-07-01,24.8681
1985-10-01,26.82723
1986-01-01,29.0631
1986-04-01,28.96754
1986-07-01,28.49543
1986-10-01,27.99277
1987-01-01,25.41623
1987-04-01,23.36828
1987-07-01,25.03151
1987-10-01,23.51144
1988-01-01,21.2166
1988-04-01,21.90115
1988-07-01,23.60203
1988-10-01,25.81303
1989-01-01,28.11817
1989-04-01,37.33305
1989-07-01,44.52272
1989-10-01,50.1401
1990-01-01,70.30484
1990-04-01,70.64693
1990-07-01,67.62386
1990-10-01,55.1319
1991-01-01,54.17844
1991-04-01,61.73543
1991-07-01,56.3795
1991-10-01,47.41755
1992-01-01,49.46656
1992-04-01,47.58949
1992-07-01,40.154
1992-10-01,37.28225
1993-01-01,38.48331
1993-04-01,39.12238
1993-07-01,44.21046
1993-10-01,48.533
1994-01-01,52.60154
1994-04-01,49.22856
1994-07-01,48.41257
1994-10-01,45.1927
1995-01-01,43.27121
1995-04-01,42.02894
1995-07-01,43.5586
1995-10-01,40.43961
1996-01-01,43.6943
1996-04-01,45.98275
1996-07-01,43.14901
1996-10-01,44.62893
1997-01-01,47.97137
1997-04-01,49.23672
1997-07-01,52.93192
1997-10-01,50.64134
1998-01-01,55.27755
1998-04-01,64.3617
1998-07-01,57.99193
1998-10-01,48.56142
1999-01-01,49.50529
1999-04-01,52.40332
1999-07-01,52.27224
1999-10-01,50.48006
2000-01-01,50.81256
2000-04-01,51.04737
2000-07-01,51.60119
2000-10-01,49.48859
2001-01-01,50.94862
2001-04-01,52.47685
2001-07-01,51.62251
2001-10-01,48.11382
2002-01-01,51.56709
2002-04-01,55.22746
2002-07-01,50.27473
2002-10-01,48.8076
2003-01-01,51.63849
2003-04-01,55.80721
2003-07-01,58.70098
2003-10-01,62.9443
2004-01-01,74.04514
2004-04-01,79.45969
2004-07-01,83.07317
2004-10-01,91.74169
2005-01-01,104.9473
2005-04-01,111.0933
2005-07-01,127.8907
2005-10-01,134.2665
2006-01-01,153.7112
2006-04-01,153.3865
2006-07-01,149.7876
2006-10-01,166.9112
2007-01-01,183.8873
2007-04-01,194.3569
2007-07-01,185.753
2007-10-01,179.5129
2008-01-01,156.5421
2008-04-01,164.4533
2008-07-01,138.3667
2008-10-01,75.51903
2009-01-01,65.08177
2009-04-01,78.59006
2009-07-01,92.47206
2009-10-01,101.8695
2010-01-01,99.50116
2010-04-01,99.94911
2010-07-01,98.54308
2010-10-01,109.4663
2011-01-01,117.6183
2011-04-01,114.7565
2011-07-01,97.17293
2011-10-01,81.43871
2012-01-01,90.12074
2012-04-01,85.41383
2012-07-01,86.69198
2012-10-01,93.73067
2013-01-01,100.7893
2013-04-01,98.51075
2013-07-01,98.33917
2013-10-01,103.5622
2014-01-01,104.9466
2014-04-01,102.9942
2014-07-01,97.44682
2014-10-01,91.16869
2015-01-01,97.19886
2015-04-01,105.1303
2015-07-01,98.36581
2015-10-01,99.30507
2016-01-01,91.81735
2016-04-01,94.77222
2016-07-01,96.09869
2016-10-01,105.1413
2017-01-01,116.4869
2017-04-01,127.695
2017-07-01,134.6449
2017-10-01,140.2761
2018-01-01,145.0345
2018-04-01,142.2679
2018-07-01,140.0825
2018-10-01,130.3532
2019-01-01,127.7358
2019-04-01,131.0658
2019-07-01,128.1057
2019-10-01,133.2967
2020-01-01,120.3885
2020-04-01,98.48411
2020-07-01,99.51714
2020-10-01,106.3857
2021-01-01,130.0168
2021-04-01,143.5468
2021-07-01,151.0988
2021-10-01,158.9979
2022-01-01,153.5325
2022-04-01,137.7035
2022-07-01,128.9675
2022-10-01,129.2303
2023-01-01,139.4996
2023-04-01,136.5156
2023-07-01,136.906
2023-10-01,139.5582
2024-01-01,145.5809
2024-04-01,152.7897
2024-07-01,153.5766
2024-10-01,149.2061
2025-01-01,164.957
2025-04-01,176.1232
2025-07-01,189.9416
2025-10-01,200.6815
2026-01-01,223.2139
2026-04-01,236.7673
