observation_date,QCAPBM770A
1955-10-01,16.8
1956-01-01,16.8
1956-04-01,17.4
1956-07-01,17.1
1956-10-01,16.9
1957-01-01,16.3
1957-04-01,16.4
1957-07-01,16.2
1957-10-01,16.3
1958-01-01,16.0
1958-04-01,15.7
1958-07-01,15.7
1958-10-01,16.2
1959-01-01,16.4
1959-04-01,17.3
1959-07-01,18.1
1959-10-01,17.7
1960-01-01,17.0
1960-04-01,17.2
1960-07-01,17.0
1960-10-01,17.4
1961-01-01,17.0
1961-04-01,17.1
1961-07-01,17.2
1961-10-01,17.6
1962-01-01,17.3
1962-04-01,18.2
1962-07-01,18.4
1962-10-01,17.8
1963-01-01,17.1
1963-04-01,17.3
1963-07-01,17.1
1963-10-01,17.4
1964-01-01,17.1
1964-04-01,17.6
1964-07-01,17.5
1964-10-01,17.7
1965-01-01,17.6
1965-04-01,18.4
1965-07-01,18.7
1965-10-01,19.0
1966-01-01,18.3
1966-04-01,18.3
1966-07-01,18.0
1966-10-01,18.0
1967-01-01,17.9
1967-04-01,18.0
1967-07-01,18.4
1967-10-01,19.0
1968-01-01,19.1
1968-04-01,19.3
1968-07-01,19.4
1968-10-01,19.9
1969-01-01,17.4
1969-04-01,18.2
1969-07-01,18.4
1969-10-01,18.7
1970-01-01,18.3
1970-04-01,18.2
1970-07-01,18.8
1970-10-01,18.9
1971-01-01,18.9
1971-04-01,19.3
1971-07-01,19.9
1971-10-01,20.5
1972-01-01,20.9
1972-04-01,21.8
1972-07-01,22.1
1972-10-01,22.6
1973-01-01,23.1
1973-04-01,23.9
1973-07-01,24.0
1973-10-01,24.6
1974-01-01,24.4
1974-04-01,25.0
1974-07-01,25.3
1974-10-01,25.6
1975-01-01,25.9
1975-04-01,26.4
1975-07-01,26.7
1975-10-01,26.9
1976-01-01,28.3
1976-04-01,28.5
1976-07-01,28.7
1976-10-01,29.1
1977-01-01,29.6
1977-04-01,30.3
1977-07-01,30.9
1977-10-01,31.0
1978-01-01,31.8
1978-04-01,32.3
1978-07-01,33.0
1978-10-01,34.1
1979-01-01,34.8
1979-04-01,35.6
1979-07-01,36.2
1979-10-01,36.5
1980-01-01,36.8
1980-04-01,37.6
1980-07-01,37.6
1980-10-01,38.5
1981-01-01,39.4
1981-04-01,40.9
1981-07-01,43.3
1981-10-01,44.5
1982-01-01,45.6
1982-04-01,46.0
1982-07-01,45.5
1982-10-01,44.4
1983-01-01,43.4
1983-04-01,41.9
1983-07-01,40.7
1983-10-01,39.6
1984-01-01,39.3
1984-04-01,38.9
1984-07-01,38.5
1984-10-01,38.1
1985-01-01,38.9
1985-04-01,38.5
1985-07-01,39.0
1985-10-01,39.1
1986-01-01,39.5
1986-04-01,39.4
1986-07-01,39.5
1986-10-01,39.6
1987-01-01,39.5
1987-04-01,39.8
1987-07-01,39.9
1987-10-01,40.5
1988-01-01,40.5
1988-04-01,41.2
1988-07-01,41.9
1988-10-01,42.4
1989-01-01,43.0
1989-04-01,43.7
1989-07-01,44.0
1989-10-01,44.6
1990-01-01,45.1
1990-04-01,46.3
1990-07-01,46.6
1990-10-01,46.3
1991-01-01,46.5
1991-04-01,46.8
1991-07-01,47.0
1991-10-01,47.1
1992-01-01,46.8
1992-04-01,47.2
1992-07-01,47.6
1992-10-01,47.0
1993-01-01,47.4
1993-04-01,48.1
1993-07-01,50.2
1993-10-01,50.3
1994-01-01,50.0
1994-04-01,50.9
1994-07-01,50.6
1994-10-01,51.3
1995-01-01,51.3
1995-04-01,51.4
1995-07-01,51.6
1995-10-01,52.8
1996-01-01,53.7
1996-04-01,53.6
1996-07-01,53.8
1996-10-01,54.1
1997-01-01,55.0
1997-04-01,55.5
1997-07-01,57.2
1997-10-01,57.2
1998-01-01,57.6
1998-04-01,58.3
1998-07-01,59.2
1998-10-01,58.8
1999-01-01,58.6
1999-04-01,57.4
1999-07-01,56.4
1999-10-01,56.9
2000-01-01,59.2
2000-04-01,58.8
2000-07-01,57.8
2000-10-01,56.9
2001-01-01,56.6
2001-04-01,55.9
2001-07-01,56.9
2001-10-01,57.1
2002-01-01,57.7
2002-04-01,57.8
2002-07-01,57.7
2002-10-01,56.9
2003-01-01,56.9
2003-04-01,56.3
2003-07-01,56.1
2003-10-01,56.1
2004-01-01,56.2
2004-04-01,57.3
2004-07-01,57.4
2004-10-01,58.1
2005-01-01,57.9
2005-04-01,58.8
2005-07-01,59.1
2005-10-01,59.3
2006-01-01,59.3
2006-04-01,60.3
2006-07-01,60.8
2006-10-01,61.7
2007-01-01,62.7
2007-04-01,64.0
2007-07-01,66.2
2007-10-01,66.3
2008-01-01,66.0
2008-04-01,65.4
2008-07-01,65.9
2008-10-01,65.6
2009-01-01,65.6
2009-04-01,67.8
2009-07-01,70.0
2009-10-01,71.1
2010-01-01,70.7
2010-04-01,71.1
2010-07-01,70.5
2010-10-01,70.4
2011-01-01,72.1
2011-04-01,72.8
2011-07-01,72.7
2011-10-01,87.0
2012-01-01,87.0
2012-04-01,87.8
2012-07-01,89.2
2012-10-01,89.9
2013-01-01,90.3
2013-04-01,90.8
2013-07-01,91.6
2013-10-01,91.6
2014-01-01,91.1
2014-04-01,91.1
2014-07-01,91.2
2014-10-01,91.3
2015-01-01,92.0
2015-04-01,93.3
2015-07-01,95.0
2015-10-01,96.9
2016-01-01,97.3
2016-04-01,99.4
2016-07-01,99.6
2016-10-01,99.8
2017-01-01,99.5
2017-04-01,100.3
2017-07-01,100.6
2017-10-01,100.4
2018-01-01,100.1
2018-04-01,100.7
2018-07-01,100.7
2018-10-01,101.6
2019-01-01,101.6
2019-04-01,102.9
2019-07-01,103.8
2019-10-01,103.4
2020-01-01,106.2
2020-04-01,108.6
2020-07-01,110.3
2020-10-01,112.2
2021-01-01,111.7
2021-04-01,109.4
2021-07-01,108.2
2021-10-01,107.1
2022-01-01,106.0
2022-04-01,105.5
2022-07-01,104.9
2022-10-01,103.8
2023-01-01,103.5
2023-04-01,104.6
2023-07-01,104.6
2023-10-01,104.3
2024-01-01,103.4
2024-04-01,103.2
2024-07-01,102.8
2024-10-01,102.2
2025-01-01,101.9
2025-04-01,102.2
2025-07-01,102.0
2025-10-01,102.3
