observation_date,SPASTT01BEQ661N
1985-04-01,12.70092
1985-07-01,12.84742
1985-10-01,15.28905
1986-01-01,16.71851
1986-04-01,19.35991
1986-07-01,20.31437
1986-10-01,20.86041
1987-01-01,21.95248
1987-04-01,23.85252
1987-07-01,26.54275
1987-10-01,20.58517
1988-01-01,22.25436
1988-04-01,24.00345
1988-07-01,24.66935
1988-10-01,26.57382
1989-01-01,28.18974
1989-04-01,29.36616
1989-07-01,30.75123
1989-10-01,31.29283
1990-01-01,29.40168
1990-04-01,29.38836
1990-07-01,26.96449
1990-10-01,23.82144
1991-01-01,26.03223
1991-04-01,26.7292
1991-07-01,25.49507
1991-10-01,24.585
1992-01-01,26.04111
1992-04-01,25.89905
1992-07-01,24.04785
1992-10-01,23.87471
1993-01-01,25.74811
1993-04-01,26.48948
1993-07-01,28.24301
1993-10-01,29.72131
1994-01-01,32.08303
1994-04-01,31.47484
1994-07-01,30.3295
1994-10-01,29.06873
1995-01-01,28.38951
1995-04-01,29.84561
1995-07-01,30.8045
1995-10-01,31.21736
1996-01-01,34.36485
1996-04-01,35.79431
1996-07-01,36.19385
1996-10-01,38.65768
1997-01-01,43.84282
1997-04-01,47.82933
1997-07-01,51.27869
1997-10-01,50.90135
1998-01-01,58.4926
1998-04-01,70.24351
1998-07-01,73.01365
1998-10-01,67.12266
1999-01-01,75.01579
1999-04-01,70.69188
1999-07-01,66.35021
1999-10-01,65.79974
2000-01-01,60.48864
2000-04-01,61.08762
2000-07-01,64.71764
2000-10-01,64.4504
2001-01-01,61.41266
2001-04-01,59.47123
2001-07-01,58.62438
2001-10-01,56.13896
2002-01-01,58.55307
2002-04-01,58.82457
2002-07-01,48.26602
2002-10-01,44.25417
2003-01-01,40.06771
2003-04-01,43.05544
2003-07-01,46.22688
2003-10-01,48.82846
2004-01-01,54.45946
2004-04-01,55.99917
2004-07-01,57.91289
2004-10-01,65.12083
2005-01-01,71.10033
2005-04-01,72.65408
2005-07-01,77.0946
2005-10-01,81.11511
2006-01-01,91.3294
2006-04-01,90.28528
2006-07-01,92.39529
2006-10-01,100.7007
2007-01-01,106.4441
2007-04-01,111.5188
2007-07-01,105.1879
2007-10-01,102.5507
2008-01-01,92.11768
2008-04-01,91.9336
2008-07-01,74.95177
2008-10-01,51.76197
2009-01-01,46.66784
2009-04-01,50.04076
2009-07-01,56.85844
2009-10-01,62.44934
2010-01-01,63.60386
2010-04-01,63.40856
2010-07-01,64.00669
2010-10-01,67.41561
2011-01-01,67.80389
2011-04-01,66.69592
2011-07-01,58.35507
2011-10-01,56.29779
2012-01-01,60.85084
2012-04-01,60.52809
2012-07-01,67.2486
2012-10-01,68.05343
2013-01-01,69.97444
2013-04-01,71.5664
2013-07-01,75.2079
2013-10-01,80.82544
2014-01-01,83.70992
2014-04-01,89.49949
2014-07-01,89.4046
2014-10-01,88.73895
2015-01-01,98.47987
2015-04-01,103.4893
2015-07-01,98.32216
2015-10-01,99.70867
2016-01-01,92.96574
2016-04-01,95.1797
2016-07-01,96.42699
2016-10-01,96.35705
2017-01-01,99.3045
2017-04-01,103.0387
2017-07-01,100.5247
2017-10-01,103.1866
2018-01-01,100.4264
2018-04-01,98.93918
2018-07-01,98.29098
2018-10-01,88.54966
2019-01-01,89.41293
2019-04-01,92.47002
2019-07-01,93.55869
2019-10-01,95.29726
2020-01-01,86.19547
2020-04-01,71.25291
2020-07-01,75.63686
2020-10-01,78.41792
2021-01-01,85.27314
2021-04-01,91.53018
2021-07-01,92.99113
2021-10-01,96.92123
2022-01-01,97.77557
2022-04-01,93.34019
2022-07-01,88.80946
2022-10-01,92.26852
2023-01-01,98.61327
2023-04-01,97.12535
2023-07-01,97.48709
2023-10-01,98.56156
2024-01-01,101.3459
2024-04-01,107.8525
2024-07-01,108.4362
2024-10-01,107.5217
2025-01-01,110.7462
2025-04-01,112.5622
2025-07-01,116.3418
2025-10-01,121.7699
2026-01-01,134.0556
2026-04-01,142.2373
