observation_date,CANCPIALLQINMEI
1914-01-01,4.7405850000000003
1914-04-01,4.7142480000000004
1914-07-01,4.7142480000000004
1914-10-01,4.8195940000000004
1915-01-01,4.8195940000000004
1915-04-01,4.8195940000000004
1915-07-01,4.8195940000000004
1915-10-01,4.9249410000000005
1916-01-01,5.1092969999999998
1916-04-01,5.1619699999999993
1916-07-01,5.2673160000000001
1916-10-01,5.5833550000000001
1917-01-01,5.8993940000000000
1917-04-01,6.1890960000000002
1917-07-01,6.3207800000000001
1917-10-01,6.5051360000000003
1918-01-01,6.7158280000000001
1918-04-01,6.8738479999999997
1918-07-01,7.1898869999999997
1918-10-01,7.4005789999999996
1919-01-01,7.4532530000000001
1919-04-01,7.5849359999999999
1919-07-01,7.8483009999999984
1919-10-01,7.9799840000000000
1920-01-01,8.5857259999999993
1920-04-01,9.1387940000000008
1920-07-01,9.2178039999999992
1920-10-01,8.9544369999999986
1921-01-01,8.5067160000000008
1921-04-01,7.8746380000000000
1921-07-01,7.6639450000000000
1921-10-01,7.5059259999999997
1922-01-01,7.3479060000000000
1922-04-01,7.2162229999999985
1922-07-01,7.2425600000000019
1922-10-01,7.2688969999999999
1923-01-01,7.2952329999999996
1923-04-01,7.2688969999999999
1923-07-01,7.2425600000000019
1923-10-01,7.2688969999999999
1924-01-01,7.2688969999999999
1924-04-01,7.0318670000000001
1924-07-01,7.0582039999999990
1924-10-01,7.1635499999999999
1925-01-01,7.2688969999999999
1925-04-01,7.1372140000000002
1925-07-01,7.1635499999999999
1925-10-01,7.2952329999999996
1926-01-01,7.2688969999999999
1926-04-01,7.2688969999999999
1926-07-01,7.2688969999999999
1926-10-01,7.2688969999999999
1927-01-01,7.2425600000000019
1927-04-01,7.1108770000000003
1927-07-01,7.1372140000000002
1927-10-01,7.1635499999999999
1928-01-01,7.2425600000000019
1928-04-01,7.1372140000000002
1928-07-01,7.2162229999999985
1928-10-01,7.2688969999999999
1929-01-01,7.2688969999999999
1929-04-01,7.2425600000000019
1929-07-01,7.2688969999999999
1929-10-01,7.3742429999999981
1930-01-01,7.4005789999999996
1930-04-01,7.2688969999999999
1930-07-01,7.1898869999999997
1930-10-01,7.0055310000000004
1931-01-01,6.7948380000000004
1931-04-01,6.5578089999999998
1931-07-01,6.4261260000000000
1931-10-01,6.2417699999999998
1932-01-01,6.0574139999999996
1932-04-01,5.8993940000000000
1932-07-01,5.8467209999999996
1932-10-01,5.7677110000000003
1933-01-01,5.6623650000000003
1933-04-01,5.6096919999999999
1933-07-01,5.6623650000000003
1933-10-01,5.6096919999999999
1934-01-01,5.7150379999999998
1934-04-01,5.7150379999999998
1934-07-01,5.6887019999999993
1934-10-01,5.6887019999999993
1935-01-01,5.6887019999999993
1935-04-01,5.6887019999999993
1935-07-01,5.7150379999999998
1935-10-01,5.8203849999999999
1936-01-01,5.8467209999999996
1936-04-01,5.7677110000000003
1936-07-01,5.8467209999999996
1936-10-01,5.9257309999999999
1937-01-01,6.0047410000000001
1937-04-01,6.0047410000000001
1937-07-01,6.0574139999999996
1937-10-01,6.1627599999999996
1938-01-01,6.1100870000000000
1938-04-01,6.1100870000000000
1938-07-01,6.1364239999999999
1938-10-01,6.0047410000000001
1939-01-01,6.0047410000000001
1939-04-01,6.0047410000000001
1939-07-01,6.0047410000000001
1939-10-01,6.1627599999999996
1940-01-01,6.1890960000000002
1940-04-01,6.2417699999999998
1940-07-01,6.3471160000000006
1940-10-01,6.4261260000000000
1941-01-01,6.4787990000000004
1941-04-01,6.5314719999999999
1941-07-01,6.7948380000000004
1941-10-01,6.9001839999999994
1942-01-01,6.9001839999999994
1942-04-01,6.9528570000000007
1942-07-01,7.0055310000000004
1942-10-01,7.0845399999999996
1943-01-01,6.9528570000000007
1943-04-01,7.1108770000000003
1943-07-01,7.2162229999999985
1943-10-01,7.2688969999999999
1944-01-01,7.1898869999999997
1944-04-01,7.1898869999999997
1944-07-01,7.1898869999999997
1944-10-01,7.1635499999999999
1945-01-01,7.1635499999999999
1945-04-01,7.2162229999999985
1945-07-01,7.2688969999999999
1945-10-01,7.2688969999999999
1946-01-01,7.2688969999999999
1946-04-01,7.3215690000000002
1946-07-01,7.5585990000000018
1946-10-01,7.6639450000000000
1947-01-01,7.6902820000000016
1947-04-01,7.9536479999999985
1947-07-01,8.2170129999999997
1947-10-01,8.6383989999999997
1948-01-01,8.9544369999999986
1948-04-01,9.1914669999999994
1948-07-01,9.4284960000000009
1948-10-01,9.5601789999999998
1949-01-01,9.5601789999999998
1949-04-01,9.5601789999999998
1949-07-01,9.6128520000000002
1949-10-01,9.6918620000000004
1950-01-01,9.6391890000000000
1950-04-01,9.7181990000000003
1950-07-01,9.9025549999999996
1950-10-01,10.1922599999999992
1951-01-01,10.4556199999999997
1951-04-01,10.8243399999999994
1951-07-01,11.0613600000000005
1951-10-01,11.2720599999999997
1952-01-01,11.2983899999999995
1952-04-01,11.1667100000000001
1952-07-01,11.1403700000000008
1952-10-01,11.1403700000000008
1953-01-01,11.0613600000000005
1953-04-01,10.9823500000000003
1953-07-01,11.0876999999999999
1953-10-01,11.1667100000000001
1954-01-01,11.1140399999999993
1954-04-01,11.0876999999999999
1954-07-01,11.1930499999999995
1954-10-01,11.1930499999999995
1955-01-01,11.1403700000000008
1955-04-01,11.1403700000000008
1955-07-01,11.1667100000000001
1955-10-01,11.2193799999999992
1956-01-01,11.1667100000000001
1956-04-01,11.1930499999999995
1956-07-01,11.4037400000000009
1956-10-01,11.5090900000000005
1957-01-01,11.5354200000000002
1957-04-01,11.6407699999999998
1957-07-01,11.7724499999999992
1957-10-01,11.8251200000000001
1958-01-01,11.8778000000000006
1958-04-01,11.9304699999999997
1958-07-01,11.9831400000000006
1958-10-01,12.0884900000000002
1959-01-01,12.0621500000000008
1959-04-01,12.0094799999999999
1959-07-01,12.1411599999999993
1959-10-01,12.2465100000000007
1960-01-01,12.2201699999999995
1960-04-01,12.2465100000000007
1960-07-01,12.2465100000000007
1960-10-01,12.4045299999999994
1961-01-01,12.4045299999999994
1961-04-01,12.4045299999999994
1961-07-01,12.4045299999999994
1961-10-01,12.4045299999999994
1962-01-01,12.4045299999999994
1962-04-01,12.5098800000000008
1962-07-01,12.5888899999999992
1962-10-01,12.6415600000000001
1963-01-01,12.6415600000000001
1963-04-01,12.6415600000000001
1963-07-01,12.8259200000000000
1963-10-01,12.8522499999999997
1964-01-01,12.8785900000000009
1964-04-01,12.9575999999999993
1964-07-01,13.0366099999999996
1964-10-01,13.0629399999999993
1965-01-01,13.1156200000000016
1965-04-01,13.2472999999999992
1965-07-01,13.3526500000000006
1965-10-01,13.4316600000000008
1966-01-01,13.5896799999999995
1966-04-01,13.7740299999999980
1966-07-01,13.8793799999999994
1966-10-01,13.9320500000000003
1967-01-01,14.0110600000000005
1967-04-01,14.2217500000000001
1967-07-01,14.4324499999999993
1967-10-01,14.4851200000000020
1968-01-01,14.6431400000000007
1968-04-01,14.7221499999999992
1968-07-01,14.9855099999999997
1968-10-01,15.1172000000000004
1969-01-01,15.1962100000000007
1969-04-01,15.5122499999999999
1969-07-01,15.6966000000000001
1969-10-01,15.7756100000000004
1970-01-01,15.9599700000000020
1970-04-01,16.0389799999999987
1970-07-01,16.1706600000000016
1970-10-01,16.0916500000000013
1971-01-01,16.1706600000000016
1971-04-01,16.3813500000000012
1971-07-01,16.6710600000000007
1971-10-01,16.7763999999999989
1972-01-01,16.9870899999999985
1972-04-01,17.1451099999999990
1972-07-01,17.5138299999999987
1972-10-01,17.6455100000000016
1973-01-01,17.9615499999999990
1973-04-01,18.3566000000000003
1973-07-01,18.9096699999999984
1973-10-01,19.2520400000000009
1974-01-01,19.6997600000000013
1974-04-01,20.3845099999999988
1974-07-01,20.9902599999999993
1974-10-01,21.5960000000000001
1975-01-01,21.9910400000000017
1975-04-01,22.5177799999999984
1975-07-01,23.2551999999999985
1975-10-01,23.7292600000000000
1976-01-01,24.0716399999999986
1976-04-01,24.4140100000000011
1976-07-01,24.7827200000000012
1976-10-01,25.1250999999999998
1977-01-01,25.6518300000000004
1977-04-01,26.3102499999999999
1977-07-01,26.8633099999999985
1977-10-01,27.4163800000000002
1978-01-01,27.9694499999999984
1978-04-01,28.6278599999999983
1978-07-01,29.3389500000000005
1978-10-01,29.8393499999999996
1979-01-01,30.4714199999999984
1979-04-01,31.3141999999999996
1979-07-01,31.9199400000000040
1979-10-01,32.6573599999999971
1980-01-01,33.3684500000000028
1980-04-01,34.2902300000000011
1980-07-01,35.2646799999999985
1980-10-01,36.2391399999999990
1981-01-01,37.4769599999999983
1981-04-01,38.5830900000000057
1981-07-01,39.7419000000000011
1981-10-01,40.7163499999999985
1982-01-01,41.7434799999999981
1982-04-01,43.0339699999999965
1982-07-01,43.9557500000000019
1982-10-01,44.6405099999999990
1983-01-01,44.9565399999999968
1983-04-01,45.5622899999999973
1983-07-01,46.2997099999999975
1983-10-01,46.7210999999999999
1984-01-01,47.2741600000000020
1984-04-01,47.6692099999999996
1984-07-01,48.0642599999999973
1984-10-01,48.4329700000000045
1985-01-01,48.9860400000000027
1985-04-01,49.5654400000000024
1985-07-01,50.0395099999999999
1985-10-01,50.4345599999999976
1986-01-01,51.0929700000000011
1986-04-01,51.5143500000000003
1986-07-01,52.1200900000000047
1986-10-01,52.6468300000000013
1987-01-01,53.1472199999999972
1987-04-01,53.9109800000000021
1987-07-01,54.4903900000000050
1987-10-01,54.8590999999999980
1988-01-01,55.3331599999999995
1988-04-01,56.0442499999999981
1988-07-01,56.6499900000000025
1988-10-01,57.0977099999999993
1989-01-01,57.8087999999999980
1989-04-01,58.8095900000000000
1989-07-01,59.6523600000000016
1989-10-01,60.0737400000000008
1990-01-01,60.9428500000000000
1990-04-01,61.5222499999999997
1990-07-01,62.1279899999999969
1990-10-01,63.0497800000000055
1991-01-01,64.8670000000000044
1991-04-01,65.3410599999999988
1991-07-01,65.7361099999999965
1991-10-01,65.6307599999999951
1992-01-01,65.8941300000000041
1992-04-01,66.2365000000000066
1992-07-01,66.5262099999999919
1992-10-01,66.8159100000000024
1993-01-01,67.2899599999999936
1993-04-01,67.4216499999999996
1993-07-01,67.6850099999999912
1993-10-01,68.0273899999999969
1994-01-01,67.6586800000000039
1994-04-01,67.4216499999999996
1994-07-01,67.7903599999999926
1994-10-01,68.0010500000000064
1995-01-01,68.6858100000000036
1995-04-01,69.2388800000000089
1995-07-01,69.3705499999999944
1995-10-01,69.3968899999999991
1996-01-01,69.6865899999999954
1996-04-01,70.2396600000000007
1996-07-01,70.3450100000000020
1996-10-01,70.7664000000000044
1997-01-01,71.1614500000000021
1997-04-01,71.3721400000000017
1997-07-01,71.5564999999999998
1997-10-01,71.5038199999999904
1998-01-01,71.8988599999999991
1998-04-01,72.0832199999999972
1998-07-01,72.1622300000000223
1998-10-01,72.2939099999999968
1999-01-01,72.4519300000000044
1999-04-01,73.2420299999999997
1999-07-01,73.7424299999999988
1999-10-01,74.0057900000000046
2000-01-01,74.3744999999999976
2000-04-01,75.0329199999999901
2000-07-01,75.7440100000000029
2000-10-01,76.2707400000000035
2001-01-01,76.4287599999999969
2001-04-01,77.7192500000000024
2001-07-01,77.7982599999999991
2001-10-01,77.0871700000000004
2002-01-01,77.6139100000000042
2002-04-01,78.7727100000000036
2002-07-01,79.6154900000000225
2002-10-01,80.0105400000000060
2003-01-01,81.0903300000000229
2003-04-01,80.9586500000000058
2003-07-01,81.2746900000000068
2003-10-01,81.4063699999999955
2004-01-01,81.8277599999999978
2004-04-01,82.7495399999999961
2004-07-01,82.9075600000000037
2004-10-01,83.2762699999999967
2005-01-01,83.5659699999999930
2005-04-01,84.3297299999999979
2005-07-01,85.0671600000000012
2005-10-01,85.1198300000000216
2006-01-01,85.5412099999999782
2006-04-01,86.4893300000000096
2006-07-01,86.5420100000000048
2006-10-01,86.2786399999999958
2007-01-01,87.0950800000000100
2007-04-01,88.3855700000000013
2007-07-01,88.3855700000000013
2007-10-01,88.3592300000000108
2008-01-01,88.6489300000000213
2008-04-01,90.4661600000000021
2008-07-01,91.4142800000000051
2008-10-01,90.0447699999999998
2009-01-01,89.7550699999999892
2009-04-01,90.5188299999999941
2009-07-01,90.6241799999999955
2009-10-01,90.7558599999999984
2010-01-01,91.2035800000000023
2010-04-01,91.7829899999999981
2010-07-01,92.2833799999999940
2010-10-01,92.8101099999999946
2011-01-01,93.5738800000000026
2011-04-01,94.8643600000000049
2011-07-01,95.0487200000000030
2011-10-01,95.3120899999999978
2012-01-01,95.7598100000000017
2012-04-01,96.3655499999999989
2012-07-01,96.2075300000000055
2012-10-01,96.2075300000000055
2013-01-01,96.6289100000000047
2013-04-01,97.1029699999999991
2013-07-01,97.3136700000000019
2013-10-01,97.1029699999999991
2014-01-01,97.9720800000000054
2014-04-01,99.2625699999999966
2014-07-01,99.3415799999999933
2014-10-01,98.9728700000000003
2015-01-01,99.0255400000000066
2015-04-01,100.1580000000000013
2015-07-01,100.5267000000000053
2015-10-01,100.2896999999999963
2016-01-01,100.5531000000000006
2016-04-01,101.7119000000000000
2016-07-01,101.7644999999999982
2016-10-01,101.6855000000000047
2017-01-01,102.4756000000000000
2017-04-01,103.0550000000000068
2017-07-01,103.1603999999999957
2017-10-01,103.5027999999999935
2018-01-01,104.5825999999999993
2018-04-01,105.4252999999999929
2018-07-01,105.9257000000000062
2018-10-01,105.6097000000000037
2019-01-01,106.2681000000000040
2019-04-01,107.6902999999999935
2019-07-01,107.9800000000000040
2019-10-01,107.8220000000000027
2020-01-01,108.1907000000000068
2020-04-01,107.7165999999999997
2020-07-01,108.2697000000000003
2020-10-01,108.6646999999999963
2021-01-01,109.7445000000000022
2021-04-01,111.3247000000000071
2021-07-01,112.6679000000000030
2021-10-01,113.8003999999999962
2022-01-01,116.1443000000000012
2022-04-01,119.7261000000000024
2022-07-01,120.7269000000000005
2022-10-01,121.3853000000000009
2023-01-01,122.1226999999999947
2023-04-01,123.9398999999999944
2023-07-01,125.1778000000000048
2023-10-01,125.2831000000000046
2024-01-01,125.5991999999999962
2024-04-01,127.3374000000000024
2024-07-01,127.7323999999999984
2024-10-01,127.6796999999999969
2025-01-01,128.4697999999999922
