observation_date,QCACAM770A
1990-01-01,205.6
1990-04-01,208.0
1990-07-01,210.8
1990-10-01,214.8
1991-01-01,219.4
1991-04-01,222.5
1991-07-01,226.1
1991-10-01,230.6
1992-01-01,229.2
1992-04-01,234.4
1992-07-01,235.7
1992-10-01,236.1
1993-01-01,241.5
1993-04-01,244.7
1993-07-01,246.7
1993-10-01,248.1
1994-01-01,245.7
1994-04-01,244.3
1994-07-01,242.5
1994-10-01,242.8
1995-01-01,244.2
1995-04-01,244.9
1995-07-01,245.2
1995-10-01,243.1
1996-01-01,246.8
1996-04-01,246.3
1996-07-01,247.7
1996-10-01,248.0
1997-01-01,247.6
1997-04-01,246.0
1997-07-01,243.8
1997-10-01,244.4
1998-01-01,245.5
1998-04-01,247.1
1998-07-01,247.3
1998-10-01,248.7
1999-01-01,245.6
1999-04-01,240.1
1999-07-01,236.2
1999-10-01,232.0
2000-01-01,232.3
2000-04-01,229.3
2000-07-01,225.2
2000-10-01,223.7
2001-01-01,225.7
2001-04-01,222.9
2001-07-01,227.0
2001-10-01,228.8
2002-01-01,231.0
2002-04-01,233.1
2002-07-01,234.5
2002-10-01,232.7
2003-01-01,226.9
2003-04-01,228.5
2003-07-01,225.6
2003-10-01,224.9
2004-01-01,229.4
2004-04-01,226.3
2004-07-01,224.1
2004-10-01,223.4
2005-01-01,220.9
2005-04-01,223.0
2005-07-01,220.0
2005-10-01,216.4
2006-01-01,215.4
2006-04-01,213.0
2006-07-01,215.6
2006-10-01,218.6
2007-01-01,223.5
2007-04-01,220.2
2007-07-01,221.2
2007-10-01,222.1
2008-01-01,225.5
2008-04-01,224.2
2008-07-01,224.0
2008-10-01,231.9
2009-01-01,240.0
2009-04-01,248.6
2009-07-01,257.4
2009-10-01,261.1
2010-01-01,259.6
2010-04-01,260.8
2010-07-01,261.0
2010-10-01,259.8
2011-01-01,259.2
2011-04-01,261.5
2011-07-01,264.7
2011-10-01,262.7
2012-01-01,262.0
2012-04-01,266.6
2012-07-01,268.9
2012-10-01,270.5
2013-01-01,273.5
2013-04-01,274.8
2013-07-01,274.6
2013-10-01,273.8
2014-01-01,274.1
2014-04-01,276.3
2014-07-01,277.3
2014-10-01,278.4
2015-01-01,287.1
2015-04-01,289.1
2015-07-01,293.6
2015-10-01,299.0
2016-01-01,297.8
2016-04-01,304.3
2016-07-01,307.4
2016-10-01,303.7
2017-01-01,302.2
2017-04-01,304.2
2017-07-01,299.9
2017-10-01,300.6
2018-01-01,300.3
2018-04-01,302.7
2018-07-01,299.8
2018-10-01,302.2
2019-01-01,304.9
2019-04-01,309.3
2019-07-01,311.5
2019-10-01,309.3
2020-01-01,318.3
2020-04-01,351.6
2020-07-01,357.0
2020-10-01,361.6
2021-01-01,354.7
2021-04-01,348.2
2021-07-01,342.7
2021-10-01,336.7
2022-01-01,323.2
2022-04-01,310.0
2022-07-01,305.4
2022-10-01,302.4
2023-01-01,303.1
2023-04-01,304.6
2023-07-01,303.2
2023-10-01,309.4
2024-01-01,307.6
2024-04-01,308.9
2024-07-01,313.0
2024-10-01,312.4
2025-01-01,313.3
2025-04-01,312.9
2025-07-01,314.9
2025-10-01,315.0
