observation_date,SPASTT01CZQ661N
1994-01-01,106.4045
1994-04-01,81.20694
1994-07-01,71.64925
1994-10-01,60.18671
1995-01-01,49.39254
1995-04-01,41.30526
1995-07-01,41.90679
1995-10-01,43.07644
1996-01-01,46.58538
1996-04-01,53.90403
1996-07-01,56.17649
1996-10-01,52.16627
1997-01-01,57.84742
1997-04-01,51.59816
1997-07-01,53.03515
1997-10-01,50.46193
1998-01-01,47.95554
1998-04-01,47.22033
1998-07-01,43.57772
1998-10-01,37.72948
1999-01-01,37.89657
1999-04-01,45.54941
1999-07-01,50.62902
1999-10-01,48.35656
2000-01-01,60.10583
2000-04-01,58.3136
2000-07-01,54.43104
2000-10-01,47.72429
2001-01-01,47.33563
2001-04-01,42.54074
2001-07-01,36.74497
2001-10-01,38.24613
2002-01-01,41.71263
2002-04-01,45.2864
2002-07-01,44.05059
2002-10-01,44.45061
2003-01-01,47.55485
2003-04-01,53.72123
2003-07-01,59.04513
2003-10-01,63.36113
2004-01-01,74.11353
2004-04-01,80.24449
2004-07-01,81.0833
2004-10-01,96.19213
2005-01-01,113.6977
2005-04-01,116.5717
2005-07-01,131.6502
2005-10-01,141.022
2006-01-01,153.2763
2006-04-01,142.7829
2006-07-01,142.0523
2006-10-01,155.2232
2007-01-01,166.2142
2007-04-01,182.1355
2007-07-01,180.2139
2007-10-01,183.5003
2008-01-01,156.0209
2008-04-01,160.8145
2008-07-01,140.473
2008-10-01,87.64301
2009-01-01,74.53861
2009-04-01,89.4065
2009-07-01,108.0507
2009-10-01,113.8932
2010-01-01,116.9677
2010-04-01,120.1986
2010-07-01,116.033
2010-10-01,116.5183
2011-01-01,124.26
2011-04-01,124.5955
2011-07-01,106.6986
2011-10-01,90.16778
2012-01-01,97.65118
2012-04-01,90.50096
2012-07-01,93.27202
2012-10-01,99.40131
2013-01-01,101.5561
2013-04-01,95.28783
2013-07-01,93.97782
2013-10-01,99.63892
2014-01-01,100.7915
2014-04-01,101.4014
2014-07-01,97.64884
2014-10-01,96.93903
2015-01-01,99.77894
2015-04-01,102.5383
2015-07-01,100.736
2015-10-01,96.94672
2016-01-01,89.3908
2016-04-01,87.78905
2016-07-01,86.3574
2016-10-01,90.49661
2017-01-01,95.88869
2017-04-01,99.933
2017-07-01,102.5333
2017-10-01,106.2875
2018-01-01,111.8099
2018-04-01,110.1534
2018-07-01,108.6318
2018-10-01,105.9239
2019-01-01,105.1406
2019-04-01,106.6962
2019-07-01,104.7105
2019-10-01,107.2904
2020-01-01,101.6474
2020-04-01,88.41531
2020-07-01,91.03031
2020-10-01,92.80048
2021-01-01,106.5622
2021-04-01,113.5534
2021-07-01,124.9695
2021-10-01,137.6772
2022-01-01,139.6733
2022-04-01,133.1232
2022-07-01,121.2647
2022-10-01,119.6332
2023-01-01,134.1068
2023-04-01,135.4505
2023-07-01,134.0967
2023-10-01,137.8754
2024-01-01,146.9435
2024-04-01,154.8449
2024-07-01,158.6787
2024-10-01,168.1378
2025-01-01,195.2502
2025-04-01,211.3178
2025-07-01,226.0868
2025-10-01,248.0003
2026-01-01,267.507
2026-04-01,257.4036
