observation_date,SPASTT01DEQ661N
1960-01-01,9.294429
1960-04-01,10.37352
1960-07-01,13.05767
1960-10-01,12.36543
1961-01-01,11.85642
1961-04-01,12.34167
1961-07-01,10.99451
1961-10-01,11.01147
1962-01-01,10.65178
1962-04-01,9.372477
1962-07-01,8.018523
1962-10-01,7.835282
1963-01-01,7.889576
1963-04-01,8.517348
1963-07-01,9.134941
1963-10-01,9.084041
1964-01-01,9.888268
1964-04-01,9.990069
1964-07-01,10.1767
1964-10-01,9.70842
1965-01-01,9.409803
1965-04-01,8.965273
1965-07-01,8.724343
1965-10-01,8.32732
1966-01-01,8.466448
1966-04-01,7.743661
1966-07-01,7.003907
1966-10-01,6.793519
1967-01-01,7.061594
1967-04-01,7.085348
1967-07-01,7.770808
1967-10-01,8.693804
1968-01-01,9.491244
1968-04-01,10.06472
1968-07-01,10.39049
1968-10-01,10.27172
1969-01-01,10.44817
1969-04-01,10.82823
1969-07-01,10.82823
1969-10-01,11.68675
1970-01-01,10.87315
1970-04-01,9.807037
1970-07-01,9.271091
1970-10-01,8.835394
1971-01-01,9.699077
1971-04-01,9.634814
1971-07-01,9.418894
1971-10-01,8.598268
1972-01-01,9.64831
1972-04-01,10.48757
1972-07-01,10.60774
1972-10-01,10.21189
1973-01-01,10.63023
1973-04-01,10.10907
1973-07-01,8.888732
1973-10-01,8.595054
1974-01-01,8.366923
1974-04-01,8.278885
1974-07-01,7.759647
1974-10-01,7.652329
1975-01-01,8.911223
1975-04-01,9.504363
1975-07-01,9.469018
1975-10-01,9.982472
1976-01-01,10.6116
1976-04-01,10.21703
1976-07-01,9.862945
1976-10-01,9.447812
1977-01-01,9.612323
1977-04-01,10.04995
1977-07-01,10.16433
1977-10-01,10.51199
1978-01-01,10.66236
1978-04-01,10.50171
1978-07-01,11.13341
1978-10-01,11.35511
1979-01-01,11.11477
1979-04-01,10.44195
1979-07-01,10.33463
1979-10-01,10.04159
1980-01-01,9.913713
1980-04-01,9.82503
1980-07-01,10.34427
1980-10-01,10.16048
1981-01-01,9.922066
1981-04-01,10.45287
1981-07-01,10.63923
1981-10-01,10.11421
1982-01-01,10.26073
1982-04-01,10.40082
1982-07-01,10.15148
1982-10-01,10.95219
1983-01-01,12.06521
1983-04-01,14.0297
1983-07-01,14.35615
1983-10-01,15.29502
1984-01-01,15.85667
1984-04-01,15.58163
1984-07-01,15.41905
1984-10-01,16.73835
1985-01-01,18.07693
1985-04-01,19.76702
1985-07-01,22.16142
1985-10-01,26.52482
1986-01-01,30.31564
1986-04-01,30.91071
1986-07-01,29.6531
1986-10-01,30.35869
1987-01-01,26.92324
1987-04-01,26.77608
1987-07-01,29.26238
1987-10-01,22.21476
1988-01-01,19.85249
1988-04-01,20.95201
1988-07-01,22.58812
1988-10-01,24.26601
1989-01-01,25.42594
1989-04-01,26.62443
1989-07-01,30.06116
1989-10-01,30.5322
1990-01-01,34.85062
1990-04-01,35.64554
1990-07-01,33.39701
1990-10-01,28.77849
1991-01-01,28.75214
1991-04-01,31.36825
1991-07-01,30.52321
1991-10-01,28.96549
1992-01-01,30.3754
1992-04-01,31.15619
1992-07-01,27.50674
1992-10-01,25.6033
1993-01-01,27.58064
1993-04-01,28.18278
1993-07-01,31.06558
1993-10-01,34.42584
1994-01-01,35.4052
1994-04-01,35.63397
1994-07-01,34.73944
1994-10-01,33.52553
1995-01-01,33.12646
1995-04-01,33.05642
1995-07-01,35.30302
1995-10-01,34.44191
1996-01-01,36.89865
1996-04-01,37.75591
1996-07-01,38.25843
1996-10-01,40.61557
1997-01-01,45.90369
1997-04-01,50.91035
1997-07-01,57.6945
1997-10-01,55.83604
1998-01-01,62.61505
1998-04-01,73.05956
1998-07-01,71.12335
1998-10-01,62.07782
1999-01-01,66.40587
1999-04-01,68.20328
1999-07-01,69.51551
1999-10-01,74.39943
2000-01-01,93.66713
2000-04-01,91.14356
2000-07-01,88.50239
2000-10-01,80.40536
2001-01-01,74.75866
2001-04-01,71.35341
2001-07-01,62.15879
2001-10-01,58.6745
2002-01-01,61.8966
2002-04-01,58.93797
2002-07-01,45.08178
2002-10-01,38.68385
2003-01-01,33.77744
2003-04-01,36.916
2003-07-01,42.28124
2003-10-01,45.70512
2004-01-01,49.62318
2004-04-01,48.67853
2004-07-01,47.02635
2004-10-01,49.86545
2005-01-01,52.70198
2005-04-01,53.07598
2005-07-01,58.46629
2005-10-01,61.56565
2006-01-01,68.95836
2006-04-01,69.39342
2006-07-01,68.12617
2006-10-01,75.19435
2007-01-01,80.95159
2007-04-01,89.04668
2007-07-01,89.05054
2007-10-01,90.87238
2008-01-01,79.19724
2008-04-01,77.84645
2008-07-01,70.18448
2008-10-01,51.05237
2009-01-01,45.272
2009-04-01,49.75428
2009-07-01,54.92223
2009-10-01,59.52854
2010-01-01,60.46484
2010-04-01,62.30466
2010-07-01,62.19799
2010-10-01,68.5927
2011-01-01,72.58338
2011-04-01,72.852
2011-07-01,62.10288
2011-10-01,58.31849
2012-01-01,66.1591
2012-04-01,63.17606
2012-07-01,66.56974
2012-10-01,70.90421
2013-01-01,75.16737
2013-04-01,76.40697
2013-07-01,78.68507
2013-10-01,85.80981
2014-01-01,89.28381
2014-04-01,90.10316
2014-07-01,87.65477
2014-10-01,86.66
2015-01-01,100.7289
2015-04-01,105.2658
2015-07-01,97.13471
2015-10-01,96.8706
2016-01-01,88.57436
2016-04-01,90.14172
2016-07-01,92.65629
2016-10-01,96.20099
2017-01-01,104.4432
2017-04-01,109.9235
2017-07-01,108.3934
2017-10-01,115.3697
2018-01-01,112.7009
2018-04-01,111.4973
2018-07-01,108.9724
2018-10-01,98.3422
2019-01-01,97.97269
2019-04-01,102.7326
2019-07-01,101.2321
2019-10-01,108.1653
2020-01-01,102.3567
2020-04-01,93.52061
2020-07-01,105.2703
2020-10-01,106.6391
2021-01-01,116.5541
2021-04-01,124.263
2021-07-01,126.4414
2021-10-01,125.2661
2022-01-01,118.4183
2022-04-01,105.9733
2022-07-01,96.64118
2022-10-01,99.13005
2023-01-01,111.7119
2023-04-01,113.6289
2023-07-01,111.5693
2023-10-01,110.2037
2024-01-01,119.1548
2024-04-01,123.8266
2024-07-01,123.4398
2024-10-01,130.2657
2025-01-01,144.6816
2025-04-01,149.6041
2025-07-01,154.0549
2025-10-01,153.0183
2026-01-01,156.3323
2026-04-01,155.1563
