observation_date,SPASTT01DKQ661N
1983-01-01,4.314264
1983-04-01,5.356061
1983-07-01,6.508165
1983-10-01,7.415141
1984-01-01,7.292577
1984-04-01,6.863602
1984-07-01,6.618473
1984-10-01,6.164985
1985-01-01,6.459139
1985-04-01,7.059705
1985-07-01,7.991194
1985-10-01,8.542733
1986-01-01,8.542733
1986-04-01,8.358887
1986-07-01,7.268064
1986-10-01,7.120987
1987-01-01,7.562219
1987-04-01,7.48868
1987-07-01,7.721552
1987-10-01,6.753294
1988-01-01,6.998423
1988-04-01,7.758321
1988-07-01,8.334373
1988-10-01,9.449709
1989-01-01,10.49151
1989-04-01,11.68038
1989-07-01,12.46479
1989-10-01,12.96731
1990-01-01,13.69043
1990-04-01,13.62915
1990-07-01,13.21243
1990-10-01,12.12161
1991-01-01,12.379
1991-04-01,13.08987
1991-07-01,13.65366
1991-10-01,13.16341
1992-01-01,12.74669
1992-04-01,12.23192
1992-07-01,10.43022
1992-10-01,9.486478
1993-01-01,10.31992
1993-04-01,11.0553
1993-07-01,12.03582
1993-10-01,13.00407
1994-01-01,14.68321
1994-04-01,13.71495
1994-07-01,13.28597
1994-10-01,12.69766
1995-01-01,12.67315
1995-04-01,12.91828
1995-07-01,13.48207
1995-10-01,13.31048
1996-01-01,14.21933
1996-04-01,14.80041
1996-07-01,15.51511
1996-10-01,16.83311
1997-01-01,19.56301
1997-04-01,20.83919
1997-07-01,23.18294
1997-10-01,23.77172
1998-01-01,26.2089
1998-04-01,27.6032
1998-07-01,25.38336
1998-10-01,22.45805
1999-01-01,23.04013
1999-04-01,23.42829
1999-07-01,24.91324
1999-10-01,26.95926
2000-01-01,30.58923
2000-04-01,31.79605
2000-07-01,34.9766
2000-10-01,35.54208
2001-01-01,34.5927
2001-04-01,32.66955
2001-07-01,30.97449
2001-10-01,27.92808
2002-01-01,29.00753
2002-04-01,28.12274
2002-07-01,24.48195
2002-10-01,22.42015
2003-01-01,21.53219
2003-04-01,24.17483
2003-07-01,27.32828
2003-10-01,29.62991
2004-01-01,32.18583
2004-04-01,31.58739
2004-07-01,32.91841
2004-10-01,34.66225
2005-01-01,37.83558
2005-04-01,40.73611
2005-07-01,45.49655
2005-10-01,46.60807
2006-01-01,50.79266
2006-04-01,49.21502
2006-07-01,48.76969
2006-10-01,54.63895
2007-01-01,59.75891
2007-04-01,63.41731
2007-07-01,65.45969
2007-10-01,63.47196
2008-01-01,54.58746
2008-04-01,55.93836
2008-07-01,50.41823
2008-10-01,33.98748
2009-01-01,30.43431
2009-04-01,33.98793
2009-07-01,38.22626
2009-10-01,40.26774
2010-01-01,43.79923
2010-04-01,47.34201
2010-07-01,48.20422
2010-10-01,51.02209
2011-01-01,54.04502
2011-04-01,52.20543
2011-07-01,44.01738
2011-10-01,41.96642
2012-01-01,48.94764
2012-04-01,49.71049
2012-07-01,53.29301
2012-10-01,54.38376
2013-01-01,59.19795
2013-04-01,59.4152
2013-07-01,62.34373
2013-10-01,66.78711
2014-01-01,75.96925
2014-04-01,80.13893
2014-07-01,82.59503
2014-10-01,81.87509
2015-01-01,91.70219
2015-04-01,103.307
2015-07-01,102.4326
2015-10-01,102.5582
2016-01-01,99.42685
2016-04-01,101.0587
2016-07-01,101.5523
2016-10-01,94.87959
2017-01-01,100.7628
2017-04-01,108.4803
2017-07-01,112.3392
2017-10-01,113.5623
2018-01-01,112.1789
2018-04-01,112.2371
2018-07-01,115.3405
2018-10-01,105.3056
2019-01-01,109.8985
2019-04-01,114.5383
2019-07-01,116.0252
2019-10-01,121.7124
2020-01-01,126.0763
2020-04-01,128.0636
2020-07-01,142.9045
2020-10-01,154.8002
2021-01-01,163.4964
2021-04-01,174.5673
2021-07-01,193.4537
2021-10-01,195.2621
2022-01-01,182.9853
2022-04-01,181.5368
2022-07-01,179.0206
2022-10-01,177.9904
2023-01-01,195.0444
2023-04-01,205.3368
2023-07-01,207.3588
2023-10-01,210.9178
2024-01-01,241.2447
2024-04-01,259.0561
2024-07-01,258.8601
2024-10-01,232.8353
2025-01-01,205.7365
2025-04-01,182.3155
2025-07-01,173.6617
2025-10-01,170.8723
2026-01-01,173.5335
2026-04-01,168.2514
