observation_date,SPASTT01EEQ661N
1996-07-01,11.10105
1996-10-01,14.08588
1997-01-01,23.07088
1997-04-01,30.10234
1997-07-01,46.61234
1997-10-01,35.49264
1998-01-01,29.48439
1998-04-01,23.21222
1998-07-01,15.72828
1998-10-01,11.40249
1999-01-01,12.29683
1999-04-01,13.66546
1999-07-01,12.9795
1999-10-01,12.26528
2000-01-01,17.92272
2000-04-01,17.2462
2000-07-01,16.10361
2000-10-01,16.14145
2001-01-01,15.58966
2001-04-01,15.85416
2001-07-01,14.98496
2001-10-01,15.31241
2002-01-01,19.04677
2002-04-01,21.21843
2002-07-01,19.61015
2002-10-01,22.67032
2003-01-01,24.13186
2003-04-01,27.26346
2003-07-01,31.8763
2003-10-01,32.00835
2004-01-01,36.46635
2004-04-01,39.18053
2004-07-01,40.71544
2004-10-01,46.73808
2005-01-01,59.68769
2005-04-01,70.52705
2005-07-01,72.40794
2005-10-01,78.32014
2006-01-01,75.96468
2006-04-01,73.95674
2006-07-01,75.18313
2006-10-01,87.03108
2007-01-01,106.7845
2007-04-01,106.1705
2007-07-01,107.841
2007-10-01,91.13692
2008-01-01,77.04973
2008-04-01,69.94359
2008-07-01,61.03996
2008-10-01,37.47842
2009-01-01,32.92814
2009-04-01,33.86106
2009-07-01,41.42401
2009-10-01,48.12046
2010-01-01,61.51491
2010-04-01,66.38607
2010-07-01,64.91642
2010-10-01,76.85705
2011-01-01,87.38286
2011-04-01,79.49245
2011-07-01,70.68922
2011-10-01,64.64767
2012-01-01,66.96142
2012-04-01,71.45996
2012-07-01,76.48481
2012-10-01,79.64884
2013-01-01,90.12445
2013-04-01,94.84077
2013-07-01,96.57262
2013-10-01,96.54482
2014-01-01,95.12498
2014-04-01,91.84316
2014-07-01,90.43182
2014-10-01,87.93851
2015-01-01,96.16678
2015-04-01,100.5147
2015-07-01,101.3005
2015-10-01,102.018
2016-01-01,105.8508
2016-04-01,113.6856
2016-07-01,115.9426
2016-10-01,119.887
2017-01-01,128.184
2017-04-01,130.1626
2017-07-01,142.7763
2017-10-01,141.7179
2018-01-01,148.9549
2018-04-01,145.6901
2018-07-01,143.4107
2018-10-01,138.6179
2019-01-01,141.6719
2019-04-01,144.8549
2019-07-01,145.136
2019-10-01,145.5777
2020-01-01,145.5337
2020-04-01,132.1763
2020-07-01,138.938
2020-10-01,142.8303
2021-01-01,168.2133
2021-04-01,187.9061
2021-07-01,214.2092
2021-10-01,229.3397
2022-01-01,223.2978
2022-04-01,214.2007
2022-07-01,206.1925
2022-10-01,200.1363
2023-01-01,216.0144
2023-04-01,219.6492
2023-07-01,216.0438
2023-10-01,206.5296
2024-01-01,205.7103
2024-04-01,205.1951
2024-07-01,199.3451
2024-10-01,200.0907
2025-01-01,214.3938
2025-04-01,233.4502
2025-07-01,233.9796
2025-10-01,224.942
2026-01-01,240.4656
2026-04-01,243.7791
