observation_date,SPASTT01ESQ661N
1985-01-01,7.604904
1985-04-01,7.469168
1985-07-01,7.510815
1985-10-01,8.770381
1986-01-01,11.35676
1986-04-01,16.19945
1986-07-01,17.24986
1986-10-01,17.82457
1987-01-01,21.97685
1987-04-01,20.92644
1987-07-01,26.71897
1987-10-01,22.47352
1988-01-01,23.41195
1988-04-01,25.98291
1988-07-01,26.66097
1988-10-01,26.18559
1989-01-01,25.65683
1989-04-01,28.15098
1989-07-01,29.10298
1989-10-01,28.31602
1990-01-01,25.83668
1990-04-01,25.74074
1990-07-01,24.46544
1990-10-01,21.29571
1991-01-01,23.163
1991-04-01,26.14178
1991-07-01,25.08952
1991-10-01,23.29966
1992-01-01,23.788
1992-04-01,23.33976
1992-07-01,19.85228
1992-10-01,18.94532
1993-01-01,21.52707
1993-04-01,23.20865
1993-07-01,25.71884
1993-10-01,28.1118
1994-01-01,31.41512
1994-04-01,29.63759
1994-07-01,28.25401
1994-10-01,27.45317
1995-01-01,25.80244
1995-04-01,26.78313
1995-07-01,28.70626
1995-10-01,28.25648
1996-01-01,30.71824
1996-04-01,33.31696
1996-07-01,33.12939
1996-10-01,36.55827
1997-01-01,43.49961
1997-04-01,49.76289
1997-07-01,55.72045
1997-10-01,55.25371
1998-01-01,68.81062
1998-04-01,81.34551
1998-07-01,76.83168
1998-10-01,72.61122
1999-01-01,81.25389
1999-04-01,82.86483
1999-07-01,81.20608
1999-10-01,85.73347
2000-01-01,97.86548
2000-04-01,93.76256
2000-07-01,93.79372
2000-10-01,87.2457
2001-01-01,85.05943
2001-04-01,83.94978
2001-07-01,72.94594
2001-10-01,74.00159
2002-01-01,74.77127
2002-04-01,73.95131
2002-07-01,60.89939
2002-10-01,59.55283
2003-01-01,58.52124
2003-04-01,63.26027
2003-07-01,68.46944
2003-10-01,70.8081
2004-01-01,77.98667
2004-04-01,78.67615
2004-07-01,77.55386
2004-10-01,84.11236
2005-01-01,91.69166
2005-04-01,93.49633
2005-07-01,101.7478
2005-10-01,105.4929
2006-01-01,113.9619
2006-04-01,115.9106
2006-07-01,120.2249
2006-10-01,140.2332
2007-01-01,148.1914
2007-04-01,152.3106
2007-07-01,148.0371
2007-10-01,155.3422
2008-01-01,133.8564
2008-04-01,133.7108
2008-07-01,114.648
2008-10-01,90.69863
2009-01-01,79.61272
2009-04-01,88.04778
2009-07-01,104.8105
2009-10-01,113.6417
2010-01-01,106.2034
2010-04-01,95.8242
2010-07-01,99.24937
2010-10-01,97.59586
2011-01-01,99.98759
2011-04-01,98.00153
2011-07-01,83.00519
2011-10-01,79.15986
2012-01-01,79.21107
2012-04-01,64.21936
2012-07-01,67.76114
2012-10-01,73.61536
2013-01-01,78.2023
2013-04-01,76.32082
2013-07-01,79.75864
2013-10-01,91.29401
2014-01-01,95.43396
2014-04-01,100.8856
2014-07-01,101.0244
2014-10-01,97.33395
2015-01-01,100.4312
2015-04-01,106.4597
2015-07-01,98.85666
2015-10-01,94.25244
2016-01-01,80.88493
2016-04-01,81.23569
2016-07-01,80.08348
2016-10-01,83.42905
2017-01-01,90.29975
2017-04-01,99.77997
2017-07-01,97.2084
2017-10-01,95.32599
2018-01-01,93.60492
2018-04-01,92.44191
2018-07-01,89.81604
2018-10-01,83.32016
2019-01-01,84.89809
2019-04-01,86.7626
2019-07-01,83.65209
2019-10-01,86.33318
2020-01-01,81.06324
2020-04-01,64.12774
2020-07-01,64.81197
2020-10-01,69.02163
2021-01-01,76.36524
2021-04-01,82.23612
2021-07-01,80.49223
2021-10-01,80.06898
2022-01-01,78.52036
2022-04-01,78.3112
2022-07-01,73.82452
2022-10-01,73.76313
2023-01-01,83.3399
2023-04-01,85.27568
2023-07-01,86.69751
2023-10-01,88.39883
2024-01-01,93.19864
2024-04-01,101.4773
2024-07-01,101.8922
2024-10-01,105.9535
2025-01-01,115.4346
2025-04-01,124.3472
2025-07-01,135.31
2025-10-01,149.0039
2026-01-01,160.8083
2026-04-01,166.5364
