observation_date,SPASTT01FIQ661N
1957-01-01,0.7068759
1957-04-01,0.6355943
1957-07-01,0.6415344
1957-10-01,0.6058936
1958-01-01,0.6118338
1958-04-01,0.5880732
1958-07-01,0.5702528
1958-10-01,0.5464923
1959-01-01,0.6118338
1959-04-01,0.6355943
1959-07-01,0.6593548
1959-10-01,0.7187561
1960-01-01,0.801918
1960-04-01,0.7781575
1960-07-01,0.8434989
1960-10-01,0.8197384
1961-01-01,0.8375588
1961-04-01,0.8137983
1961-07-01,0.7959779
1961-10-01,0.754397
1962-01-01,0.7425167
1962-04-01,0.7662772
1962-07-01,0.8316187
1962-10-01,0.8078582
1963-01-01,0.8256785
1963-04-01,0.8494391
1963-07-01,0.8316187
1963-10-01,0.8137983
1964-01-01,0.8494391
1964-04-01,0.8434989
1964-07-01,0.8553792
1964-10-01,0.8316187
1965-01-01,0.8434989
1965-04-01,0.8137983
1965-07-01,0.801918
1965-10-01,0.7603371
1966-01-01,0.801918
1966-04-01,0.7840976
1966-07-01,0.7187561
1966-10-01,0.7009357
1967-01-01,0.7009357
1967-04-01,0.6831154
1967-07-01,0.6712351
1967-10-01,0.6534147
1968-01-01,0.6593548
1968-04-01,0.8850799
1968-07-01,0.9444812
1968-10-01,0.9266608
1969-01-01,1.087044
1969-04-01,1.122685
1969-07-01,1.188027
1969-10-01,1.182087
1970-01-01,1.247428
1970-04-01,1.306829
1970-07-01,1.34841
1970-10-01,1.401871
1971-01-01,1.490973
1971-04-01,1.490973
1971-07-01,1.508794
1971-10-01,1.502854
1972-01-01,1.722639
1972-04-01,1.829561
1972-07-01,2.138448
1972-10-01,2.286951
1973-01-01,2.934426
1973-04-01,2.981947
1973-07-01,3.082929
1973-10-01,3.403697
1974-01-01,3.183912
1974-04-01,3.088869
1974-07-01,3.029468
1974-10-01,2.720581
1975-01-01,2.726521
1975-04-01,2.631479
1975-07-01,2.821563
1975-10-01,2.67306
1976-01-01,2.637419
1976-04-01,2.488916
1976-07-01,2.399814
1976-10-01,2.22161
1977-01-01,2.150328
1977-04-01,2.055286
1977-07-01,1.966184
1977-10-01,1.79986
1978-01-01,1.900843
1978-04-01,1.960244
1978-07-01,1.906783
1978-10-01,1.942424
1979-01-01,2.162209
1979-04-01,2.281011
1979-07-01,2.524557
1979-10-01,2.441395
1980-01-01,2.530497
1980-04-01,2.613659
1980-07-01,2.518617
1980-10-01,2.358233
1981-01-01,2.441395
1981-04-01,2.566138
1981-07-01,2.619599
1981-10-01,2.69682
1982-01-01,3.088869
1982-04-01,3.498739
1982-07-01,3.605661
1982-10-01,3.611601
1983-01-01,4.122453
1983-04-01,4.864969
1983-07-01,5.643127
1983-10-01,6.415344
1984-01-01,7.264783
1984-04-01,7.644952
1984-07-01,7.54397
1984-10-01,7.11628
1985-01-01,6.575728
1985-04-01,5.940134
1985-07-01,6.047056
1985-10-01,6.843034
1986-01-01,7.490508
1986-04-01,8.827039
1986-07-01,10.45463
1986-10-01,11.96937
1987-01-01,12.86423
1987-04-01,14.27788
1987-07-01,16.69287
1987-10-01,16.50831
1988-01-01,16.33553
1988-04-01,20.07386
1988-07-01,21.89982
1988-10-01,21.26368
1989-01-01,22.32392
1989-04-01,23.09357
1989-07-01,21.90768
1989-10-01,18.72696
1990-01-01,18.81335
1990-04-01,16.8146
1990-07-01,14.92581
1990-10-01,12.09458
1991-01-01,11.59587
1991-04-01,12.72287
1991-07-01,11.321
1991-10-01,9.675662
1992-01-01,10.26468
1992-04-01,9.589272
1992-07-01,7.606233
1992-10-01,9.051299
1993-01-01,10.92439
1993-04-01,13.44147
1993-07-01,15.82112
1993-10-01,18.03584
1994-01-01,21.89197
1994-04-01,21.05556
1994-07-01,21.837
1994-10-01,22.21397
1995-01-01,20.88671
1995-04-01,21.34614
1995-07-01,25.49678
1995-10-01,22.33177
1996-01-01,21.0909
1996-04-01,23.09357
1996-07-01,24.40513
1996-10-01,27.40914
1997-01-01,33.10694
1997-04-01,35.36486
1997-07-01,41.00376
1997-10-01,41.16869
1998-01-01,45.27613
1998-04-01,56.7542
1998-07-01,56.78954
1998-10-01,54.45309
1999-01-01,71.71142
1999-04-01,82.2392
1999-07-01,90.78001
1999-10-01,122.4183
2000-01-01,185.5646
2000-04-01,191.5637
2000-07-01,169.9141
2000-10-01,154.2189
2001-01-01,117.1513
2001-04-01,112.4259
2001-07-01,81.03127
2001-10-01,92.91734
2002-01-01,98.20565
2002-04-01,78.75867
2002-07-01,64.44026
2002-10-01,71.10292
2003-01-01,62.72908
2003-04-01,64.95416
2003-07-01,67.07959
2003-10-01,72.49019
2004-01-01,80.08327
2004-04-01,68.73655
2004-07-01,65.42118
2004-10-01,73.02553
2005-01-01,76.59261
2005-04-01,80.7637
2005-07-01,87.79438
2005-10-01,91.73615
2006-01-01,103.3905
2006-04-01,106.0327
2006-07-01,101.8861
2006-10-01,109.4543
2007-01-01,118.0592
2007-04-01,129.7685
2007-07-01,135.2697
2007-10-01,140.3171
2008-01-01,121.8721
2008-04-01,112.0437
2008-07-01,96.0913
2008-10-01,67.83739
2009-01-01,57.94218
2009-04-01,65.49186
2009-07-01,70.46124
2009-10-01,73.39708
2010-01-01,79.87581
2010-04-01,79.65073
2010-07-01,78.78172
2010-10-01,86.57636
2011-01-01,89.57017
2011-04-01,84.34947
2011-07-01,67.92723
2011-10-01,64.01809
2012-01-01,70.20431
2012-04-01,62.56705
2012-07-01,62.87916
2012-10-01,66.29026
2013-01-01,72.80339
2013-04-01,72.14584
2013-07-01,75.82691
2013-10-01,84.02162
2014-01-01,86.52814
2014-04-01,88.5025
2014-07-01,89.59765
2014-10-01,89.76823
2015-01-01,101.2663
2015-04-01,102.7234
2015-07-01,96.79408
2015-10-01,99.21618
2016-01-01,94.29789
2016-04-01,92.5589
2016-07-01,98.43494
2016-10-01,100.6996
2017-01-01,106.0368
2017-04-01,112.6739
2017-07-01,112.8897
2017-10-01,113.2599
2018-01-01,114.9593
2018-04-01,117.6705
2018-07-01,119.1564
2018-10-01,108.4174
2019-01-01,112.4998
2019-04-01,110.7731
2019-07-01,109.0135
2019-10-01,112.6485
2020-01-01,111.4964
2020-04-01,102.5357
2020-07-01,115.1343
2020-10-01,123.0307
2021-01-01,133.3285
2021-04-01,142.2299
2021-07-01,152.8097
2021-10-01,148.9248
2022-01-01,139.0127
2022-04-01,128.7729
2022-07-01,124.4399
2022-10-01,125.8909
2023-01-01,130.6213
2023-04-01,122.9205
2023-07-01,115.1546
2023-10-01,113.3795
2024-01-01,116.9264
2024-04-01,118.5305
2024-07-01,117.2256
2024-10-01,114.9919
2025-01-01,119.6636
2025-04-01,119.495
2025-07-01,127.542
2025-10-01,137.9949
2026-01-01,150.1747
2026-04-01,160.7195
