observation_date,SPASTT01FRQ661N
1955-01-01,2.84611
1955-04-01,2.854683
1955-07-01,2.920406
1955-10-01,2.797532
1956-01-01,2.720379
1956-04-01,2.988987
1956-07-01,3.297602
1956-10-01,3.083286
1957-01-01,3.434764
1957-04-01,4.137719
1957-07-01,4.643503
1957-10-01,4.097713
1958-01-01,3.643364
1958-04-01,3.351895
1958-07-01,3.283314
1958-10-01,3.294744
1959-01-01,3.640101
1959-04-01,4.055987
1959-07-01,4.462024
1959-10-01,5.021282
1960-01-01,4.730161
1960-04-01,5.148236
1960-07-01,5.556462
1960-10-01,5.352896
1961-01-01,6.053884
1961-04-01,6.327767
1961-07-01,5.833354
1961-10-01,6.059219
1962-01-01,6.64487
1962-04-01,6.558682
1962-07-01,6.295915
1962-10-01,6.152969
1963-01-01,5.885997
1963-04-01,5.465569
1963-07-01,5.627434
1963-10-01,5.223823
1964-01-01,5.143941
1964-04-01,4.624712
1964-07-01,4.855947
1964-10-01,4.834926
1965-01-01,4.719308
1965-04-01,4.624712
1965-07-01,4.418702
1965-10-01,4.349331
1966-01-01,4.670959
1966-04-01,4.252633
1966-07-01,4.040317
1966-10-01,3.964639
1967-01-01,3.811183
1967-04-01,3.720791
1967-07-01,3.85743
1967-10-01,4.046623
1968-01-01,4.120198
1968-04-01,4.265246
1968-07-01,3.981457
1968-10-01,4.038215
1969-01-01,4.88748
1969-04-01,5.223823
1969-07-01,5.051447
1969-10-01,5.492897
1970-01-01,5.749358
1970-04-01,5.253253
1970-07-01,5.267968
1970-10-01,5.223823
1971-01-01,5.295295
1971-04-01,5.370973
1971-07-01,5.202801
1971-10-01,4.708798
1972-01-01,5.118715
1972-04-01,5.78089
1972-07-01,6.182399
1972-10-01,5.993207
1973-01-01,6.247177
1973-04-01,6.782649
1973-07-01,6.36617
1973-10-01,6.053332
1974-01-01,5.780797
1974-04-01,5.033247
1974-07-01,4.295294
1974-10-01,4.032356
1975-01-01,4.867232
1975-04-01,5.124412
1975-07-01,5.170475
1975-10-01,5.354723
1976-01-01,5.667562
1976-04-01,5.318257
1976-07-01,4.97471
1976-10-01,4.322164
1977-01-01,4.208927
1977-04-01,3.794368
1977-07-01,4.04771
1977-10-01,4.224281
1978-01-01,4.093772
1978-04-01,5.137847
1978-07-01,5.984239
1978-10-01,6.05909
1979-01-01,6.01687
1979-04-01,6.404556
1979-07-01,7.323879
1979-10-01,7.24327
1980-01-01,7.669345
1980-04-01,7.60409
1980-07-01,7.736519
1980-10-01,8.225929
1981-01-01,7.73268
1981-04-01,6.588804
1981-07-01,6.723152
1981-10-01,6.475568
1982-01-01,6.770271
1982-04-01,6.948552
1982-07-01,6.448925
1982-10-01,6.644814
1983-01-01,7.423968
1983-04-01,8.645522
1983-07-01,9.61176
1983-10-01,10.51197
1984-01-01,11.81056
1984-04-01,12.32119
1984-07-01,12.06807
1984-10-01,12.68215
1985-01-01,13.84478
1985-04-01,14.90328
1985-07-01,13.849
1985-10-01,15.21956
1986-01-01,18.92444
1986-04-01,22.41573
1986-07-01,23.62531
1986-10-01,23.92221
1987-01-01,26.579
1987-04-01,27.02025
1987-07-01,27.58183
1987-10-01,19.92021
1988-01-01,18.82863
1988-04-01,22.45795
1988-07-01,24.62302
1988-10-01,27.58905
1989-01-01,31.29763
1989-04-01,33.591
1989-07-01,35.77836
1989-10-01,34.07279
1990-01-01,33.53793
1990-04-01,36.62822
1990-07-01,30.97468
1990-10-01,27.76462
1991-01-01,28.86205
1991-04-01,31.33136
1991-07-01,30.81798
1991-10-01,30.62804
1992-01-01,32.40318
1992-04-01,33.77576
1992-07-01,30.22568
1992-10-01,29.26899
1993-01-01,32.11647
1993-04-01,33.28191
1993-07-01,36.17688
1993-10-01,38.22088
1994-01-01,40.65767
1994-04-01,37.45037
1994-07-01,35.90846
1994-10-01,34.20814
1995-01-01,32.46714
1995-04-01,34.16549
1995-07-01,33.88453
1995-10-01,32.56695
1996-01-01,35.55295
1996-04-01,38.6004
1996-07-01,37.24735
1996-10-01,40.13013
1997-01-01,45.98189
1997-04-01,47.75406
1997-07-01,51.7781
1997-10-01,50.13906
1998-01-01,57.29226
1998-04-01,69.43263
1998-07-01,67.52571
1998-10-01,61.5849
1999-01-01,70.09581
1999-04-01,74.99231
1999-07-01,78.75133
1999-10-01,88.41084
2000-01-01,104.4152
2000-04-01,108.2322
2000-07-01,111.5453
2000-10-01,103.8723
2001-01-01,95.78524
2001-04-01,92.98515
2001-07-01,80.79819
2001-10-01,76.68869
2002-01-01,78.87881
2002-04-01,76.47044
2002-07-01,59.85474
2002-10-01,55.76531
2003-01-01,51.37035
2003-04-01,53.87585
2003-07-01,58.89994
2003-10-01,62.44814
2004-01-01,67.13007
2004-04-01,67.70391
2004-07-01,66.61713
2004-10-01,69.28991
2005-01-01,73.87686
2005-04-01,76.14763
2005-07-01,82.96521
2005-10-01,85.76064
2006-01-01,94.05419
2006-04-01,95.15109
2006-07-01,95.37347
2006-10-01,102.7277
2007-01-01,107.2404
2007-04-01,114.3064
2007-07-01,108.9608
2007-10-01,107.6781
2008-01-01,92.50663
2008-04-01,92.55466
2008-07-01,81.74404
2008-10-01,62.39322
2009-01-01,55.13385
2009-04-01,60.15722
2009-07-01,66.77007
2009-10-01,72.60892
2010-01-01,73.83099
2010-04-01,71.88313
2010-07-01,70.70559
2010-10-01,75.10619
2011-01-01,78.68575
2011-04-01,78.4476
2011-07-01,66.90913
2011-10-01,61.80942
2012-01-01,67.94421
2012-04-01,63.48
2012-07-01,67.91679
2012-10-01,70.81454
2013-01-01,75.62655
2013-04-01,77.51161
2013-07-01,81.46191
2013-10-01,86.00828
2014-01-01,88.27519
2014-04-01,92.24825
2014-07-01,89.35283
2014-10-01,86.7632
2015-01-01,97.65508
2015-04-01,104.6074
2015-07-01,99.13938
2015-10-01,98.59814
2016-01-01,90.08723
2016-04-01,91.40158
2016-07-01,92.15211
2016-10-01,95.81221
2017-01-01,102.637
2017-04-01,110.3261
2017-07-01,109.2354
2017-10-01,113.573
2018-01-01,112.5786
2018-04-01,114.8468
2018-07-01,114.5222
2018-10-01,105.1777
2019-01-01,106.4145
2019-04-01,113.229
2019-07-01,114.589
2019-10-01,120.5176
2020-01-01,113.5848
2020-04-01,96.17435
2020-07-01,103.3739
2020-10-01,109.3986
2021-01-01,120.086
2021-04-01,132.126
2021-07-01,136.9714
2021-10-01,141.532
2022-01-01,139.4587
2022-04-01,129.9106
2022-07-01,126.0002
2022-10-01,129.3106
2023-01-01,143.5057
2023-04-01,147.5968
2023-07-01,146.0504
2023-10-01,143.9777
2024-01-01,154.7972
2024-04-01,158.6203
2024-07-01,149.4962
2024-10-01,147.1826
2025-01-01,157.3175
2025-04-01,152.1605
2025-07-01,155.7942
2025-10-01,161.0626
2026-01-01,162.8685
2026-04-01,163.7148
