observation_date,SPASTT01GBQ661N
1958-01-01,1.521175
1958-04-01,1.6658
1958-07-01,1.81391
1958-10-01,2.005581
1959-01-01,2.097932
1959-04-01,2.268694
1959-07-01,2.366272
1959-10-01,2.857648
1960-01-01,2.958711
1960-04-01,2.831511
1960-07-01,2.90818
1960-10-01,2.892498
1961-01-01,3.122503
1961-04-01,3.218339
1961-07-01,2.852421
1961-10-01,2.754843
1962-01-01,2.794919
1962-04-01,2.826284
1962-07-01,2.688629
1962-10-01,2.821056
1963-01-01,2.951741
1963-04-01,3.065002
1963-07-01,3.186975
1963-10-01,3.382131
1964-01-01,3.331599
1964-04-01,3.368191
1964-07-01,3.462285
1964-10-01,3.256673
1965-01-01,3.188717
1965-04-01,3.139928
1965-07-01,3.009243
1965-10-01,3.293265
1966-01-01,3.369934
1966-04-01,3.42395
1966-07-01,3.078942
1966-10-01,2.871588
1967-01-01,3.031895
1967-04-01,3.270613
1967-07-01,3.457057
1967-10-01,3.843885
1968-01-01,4.004192
1968-04-01,4.706407
1968-07-01,5.232633
1968-10-01,5.270967
1969-01-01,5.403394
1969-04-01,4.840577
1969-07-01,4.378823
1969-10-01,4.401475
1970-01-01,4.598374
1970-04-01,4.049497
1970-07-01,4.007677
1970-10-01,4.190637
1971-01-01,4.138362
1971-04-01,4.809213
1971-07-01,5.427789
1971-10-01,5.455668
1972-01-01,6.135231
1972-04-01,6.455845
1972-07-01,6.415769
1972-10-01,6.305993
1973-01-01,5.835526
1973-04-01,5.736206
1973-07-01,5.35112
1973-10-01,4.952095
1974-01-01,4.141847
1974-04-01,3.707973
1974-07-01,2.828026
1974-10-01,2.204222
1975-01-01,3.134701
1975-04-01,4.164499
1975-07-01,4.103513
1975-10-01,4.692467
1976-01-01,5.166419
1976-04-01,5.166419
1976-07-01,4.742999
1976-10-01,4.202834
1977-01-01,5.335438
1977-04-01,5.938332
1977-07-01,6.562136
1977-10-01,6.879265
1978-01-01,6.50115
1978-04-01,6.75555
1978-07-01,7.346247
1978-10-01,7.243441
1979-01-01,7.530948
1979-04-01,8.522413
1979-07-01,7.971793
1979-10-01,7.616329
1980-01-01,7.884669
1980-04-01,7.928231
1980-07-01,8.78901
1980-10-01,9.214172
1981-01-01,9.090458
1981-04-01,9.952979
1981-07-01,9.77699
1981-10-01,9.318721
1982-01-01,10.08541
1982-04-01,10.58201
1982-07-01,11.07339
1982-10-01,12.44819
1983-01-01,12.93957
1983-04-01,14.04255
1983-07-01,14.42241
1983-10-01,14.36491
1984-01-01,15.87389
1984-04-01,16.45374
1984-07-01,16.18863
1984-10-01,17.69048
1985-01-01,19.31462
1985-04-01,19.66722
1985-07-01,19.45044
1985-10-01,20.886
1986-01-01,22.75965
1986-04-01,24.69936
1986-07-01,24.29633
1986-10-01,24.60781
1987-01-01,28.72356
1987-04-01,32.28041
1987-07-01,34.99725
1987-10-01,27.36039
1988-01-01,26.89651
1988-04-01,27.37648
1988-07-01,27.59841
1988-10-01,27.44908
1989-01-01,30.38222
1989-04-01,32.09351
1989-07-01,35.26635
1989-10-01,34.19433
1990-01-01,34.9435
1990-04-01,34.36487
1990-07-01,33.55163
1990-10-01,32.07417
1991-01-01,34.54647
1991-04-01,37.92198
1991-07-01,39.18631
1991-10-01,37.89075
1992-01-01,38.20557
1992-04-01,39.70921
1992-07-01,36.59336
1992-10-01,40.83028
1993-01-01,43.10191
1993-04-01,43.17684
1993-07-01,44.97472
1993-10-01,48.27252
1994-01-01,50.71582
1994-04-01,46.50391
1994-07-01,47.07454
1994-10-01,46.30039
1995-01-01,46.29012
1995-04-01,49.72734
1995-07-01,52.80795
1995-10-01,54.393
1996-01-01,56.36905
1996-04-01,57.03868
1996-07-01,58.00566
1996-10-01,60.80261
1997-01-01,64.85148
1997-04-01,68.66288
1997-07-01,74.80024
1997-10-01,76.21621
1998-01-01,84.71313
1998-04-01,89.75805
1998-07-01,84.48594
1998-10-01,82.61916
1999-01-01,91.76522
1999-04-01,97.08533
1999-07-01,94.77519
1999-10-01,97.44317
2000-01-01,97.11412
2000-04-01,95.91545
2000-07-01,97.95408
2000-10-01,95.4475
2001-01-01,91.11514
2001-04-01,87.94016
2001-07-01,79.83655
2001-10-01,78.26005
2002-01-01,78.70919
2002-04-01,76.55653
2002-07-01,62.96227
2002-10-01,60.75179
2003-01-01,55.98009
2003-04-01,60.50943
2003-07-01,63.16071
2003-10-01,65.89408
2004-01-01,67.53249
2004-04-01,67.95894
2004-07-01,67.28012
2004-10-01,71.47146
2005-01-01,74.72226
2005-04-01,75.1292
2005-07-01,80.50803
2005-10-01,82.40216
2006-01-01,88.21346
2006-04-01,88.81378
2006-07-01,88.99722
2006-10-01,93.21721
2007-01-01,95.05199
2007-04-01,99.06829
2007-07-01,96.47054
2007-10-01,97.85562
2008-01-01,89.05438
2008-04-01,90.75734
2008-07-01,81.24842
2008-10-01,64.55611
2009-01-01,61.27649
2009-04-01,64.57182
2009-07-01,71.62496
2009-10-01,79.46201
2010-01-01,82.20958
2010-04-01,81.37402
2010-07-01,80.61408
2010-10-01,87.45341
2011-01-01,90.20271
2011-04-01,89.70702
2011-07-01,82.9113
2011-10-01,82.35889
2012-01-01,88.23949
2012-04-01,84.18119
2012-07-01,87.12927
2012-10-01,88.6813
2013-01-01,95.53596
2013-04-01,97.57661
2013-07-01,99.01932
2013-10-01,100.333
2014-01-01,101.2975
2014-04-01,102.5416
2014-07-01,102.4292
2014-10-01,99.0742
2015-01-01,102.9898
2015-04-01,104.9493
2015-07-01,96.94515
2015-10-01,95.11573
2016-01-01,90.84301
2016-04-01,94.11661
2016-07-01,102.5659
2016-10-01,105.0592
2017-01-01,110.2294
2017-04-01,111.9699
2017-07-01,111.9031
2017-10-01,113.4315
2018-01-01,111.3999
2018-04-01,114.3363
2018-07-01,114.4406
2018-10-01,105.9359
2019-01-01,107.194
2019-04-01,111.582
2019-07-01,111.5413
2019-10-01,111.1686
2020-01-01,104.1866
2020-04-01,90.68461
2020-07-01,91.8346
2020-10-01,93.97028
2021-01-01,101.0107
2021-04-01,106.2707
2021-07-01,107.4164
2021-10-01,109.7638
2022-01-01,112.9461
2022-04-01,112.7725
2022-07-01,110.5977
2022-10-01,110.2573
2023-01-01,117.7011
2023-04-01,116.7009
2023-07-01,113.888
2023-10-01,113.9227
2024-01-01,116.3645
2024-04-01,123.9283
2024-07-01,124.9945
2024-10-01,124.6131
2025-01-01,130.2753
2025-04-01,129.9446
2025-07-01,138.4644
2025-10-01,146.5218
2026-01-01,156.2271
2026-04-01,157.939
