observation_date,NGDPRSAXDCGBQ
1955-01-01,145457.0
1955-04-01,145551.0
1955-07-01,147995.0
1955-10-01,147119.0
1956-01-01,148955.0
1956-04-01,148835.0
1956-07-01,148665.0
1956-10-01,149607.0
1957-01-01,152331.0
1957-04-01,152285.0
1957-07-01,151340.0
1957-10-01,151857.0
1958-01-01,155117.0
1958-04-01,151257.0
1958-07-01,154551.0
1958-10-01,155042.0
1959-01-01,156009.0
1959-04-01,158487.0
1959-07-01,161850.0
1959-10-01,165941.0
1960-01-01,170121.0
1960-04-01,168948.0
1960-07-01,171442.0
1960-10-01,172382.0
1961-01-01,175276.0
1961-04-01,175974.0
1961-07-01,175126.0
1961-10-01,174768.0
1962-01-01,175568.0
1962-04-01,177216.0
1962-07-01,178265.0
1962-10-01,177632.0
1963-01-01,178493.0
1963-04-01,186171.0
1963-07-01,187001.0
1963-10-01,191230.0
1964-01-01,192542.0
1964-04-01,196109.0
1964-07-01,196783.0
1964-10-01,199854.0
1965-01-01,199276.0
1965-04-01,199419.0
1965-07-01,200957.0
1965-10-01,202259.0
1966-01-01,202588.0
1966-04-01,203766.0
1966-07-01,204428.0
1966-10-01,203611.0
1967-01-01,206330.0
1967-04-01,209227.0
1967-07-01,210092.0
1967-10-01,211166.0
1968-01-01,218997.0
1968-04-01,218081.0
1968-07-01,222325.0
1968-10-01,223067.0
1969-01-01,222725.0
1969-04-01,224353.0
1969-07-01,225601.0
1969-10-01,226619.0
1970-01-01,225223.0
1970-04-01,230605.0
1970-07-01,232800.0
1970-10-01,234954.0
1971-01-01,233843.0
1971-04-01,238030.0
1971-07-01,242078.0
1971-10-01,243009.0
1972-01-01,243540.0
1972-04-01,249966.0
1972-07-01,250633.0
1972-10-01,254524.0
1973-01-01,267015.0
1973-04-01,267521.0
1973-07-01,265025.0
1973-10-01,263989.0
1974-01-01,256670.0
1974-04-01,260347.0
1974-07-01,261890.0
1974-10-01,258066.0
1975-01-01,258116.0
1975-04-01,253935.0
1975-07-01,253168.0
1975-10-01,255985.0
1976-01-01,260268.0
1976-04-01,259911.0
1976-07-01,263132.0
1976-10-01,268662.0
1977-01-01,268833.0
1977-04-01,266987.0
1977-07-01,268717.0
1977-10-01,273279.0
1978-01-01,275841.0
1978-04-01,279001.0
1978-07-01,282797.0
1978-10-01,285314.0
1979-01-01,284457.0
1979-04-01,296841.0
1979-07-01,290297.0
1979-10-01,293265.0
1980-01-01,290378.0
1980-04-01,284713.0
1980-07-01,284402.0
1980-10-01,281496.0
1981-01-01,281257.0
1981-04-01,282155.0
1981-07-01,285437.0
1981-10-01,285814.0
1982-01-01,286275.0
1982-04-01,289232.0
1982-07-01,289852.0
1982-10-01,291832.0
1983-01-01,297563.0
1983-04-01,299623.0
1983-07-01,303085.0
1983-10-01,305361.0
1984-01-01,307964.0
1984-04-01,304892.0
1984-07-01,307122.0
1984-10-01,312697.0
1985-01-01,315753.0
1985-04-01,322451.0
1985-07-01,322392.0
1985-10-01,322604.0
1986-01-01,325968.0
1986-04-01,328872.0
1986-07-01,330966.0
1986-10-01,337367.0
1987-01-01,339754.0
1987-04-01,344795.0
1987-07-01,353365.0
1987-10-01,357439.0
1988-01-01,363267.0
1988-04-01,365209.0
1988-07-01,369774.0
1988-10-01,372752.0
1989-01-01,374612.0
1989-04-01,376951.0
1989-07-01,377573.0
1989-10-01,377508.0
1990-01-01,379458.0
1990-04-01,381997.0
1990-07-01,377831.0
1990-10-01,375916.0
1991-01-01,374060.0
1991-04-01,373608.0
1991-07-01,372878.0
1991-10-01,373357.0
1992-01-01,373317.0
1992-04-01,372751.0
1992-07-01,374537.0
1992-10-01,377418.0
1993-01-01,379370.0
1993-04-01,381045.0
1993-07-01,384524.0
1993-10-01,387143.0
1994-01-01,391026.0
1994-04-01,394588.0
1994-07-01,398566.0
1994-10-01,400279.0
1995-01-01,402390.0
1995-04-01,403259.0
1995-07-01,407795.0
1995-10-01,409132.0
1996-01-01,412022.0
1996-04-01,413325.0
1996-07-01,417019.0
1996-10-01,422639.0
1997-01-01,429418.0
1997-04-01,434199.0
1997-07-01,438100.0
1997-10-01,444540.0
1998-01-01,447712.0
1998-04-01,450292.0
1998-07-01,451005.0
1998-10-01,453937.0
1999-01-01,457044.0
1999-04-01,458710.0
1999-07-01,466387.0
1999-10-01,473892.0
2000-01-01,480212.0
2000-04-01,483672.0
2000-07-01,486617.0
2000-10-01,489506.0
2001-01-01,493575.0
2001-04-01,495602.0
2001-07-01,497938.0
2001-10-01,499278.0
2002-01-01,500794.0
2002-04-01,503433.0
2002-07-01,506386.0
2002-10-01,509728.0
2003-01-01,514031.0
2003-04-01,518802.0
2003-07-01,524213.0
2003-10-01,528320.0
2004-01-01,529996.0
2004-04-01,532543.0
2004-07-01,534447.0
2004-10-01,536886.0
2005-01-01,541028.0
2005-04-01,545530.0
2005-07-01,550552.0
2005-10-01,556311.0
2006-01-01,558314.0
2006-04-01,559795.0
2006-07-01,560675.0
2006-10-01,562669.0
2007-01-01,568845.0
2007-04-01,574194.0
2007-07-01,579605.0
2007-10-01,584504.0
2008-01-01,586690.0
2008-04-01,583541.0
2008-07-01,573961.0
2008-10-01,561816.0
2009-01-01,550451.0
2009-04-01,548859.0
2009-07-01,549540.0
2009-10-01,551372.0
2010-01-01,556002.0
2010-04-01,562353.0
2010-07-01,565659.0
2010-10-01,565945.0
2011-01-01,566873.0
2011-04-01,566601.0
2011-07-01,567586.0
2011-10-01,568056.0
2012-01-01,573416.0
2012-04-01,573112.0
2012-07-01,579051.0
2012-10-01,578215.0
2013-01-01,579749.0
2013-04-01,583605.0
2013-07-01,588076.0
2013-10-01,591954.0
2014-01-01,596696.0
2014-04-01,602310.0
2014-07-01,607213.0
2014-10-01,611220.0
2015-01-01,613076.0
2015-04-01,615875.0
2015-07-01,618263.0
2015-10-01,621968.0
2016-01-01,625099.0
2016-04-01,629697.0
2016-07-01,632477.0
2016-10-01,636392.0
2017-01-01,642463.0
2017-04-01,647944.0
2017-07-01,652329.0
2017-10-01,657225.0
2018-01-01,657741.0
2018-04-01,659172.0
2018-07-01,661262.0
2018-10-01,662120.0
2019-01-01,665456.0
2019-04-01,666875.0
2019-07-01,670547.0
2019-10-01,670587.0
2020-01-01,652180.0
2020-04-01,522356.0
2020-07-01,610972.0
2020-10-01,619330.0
2021-01-01,612665.0
2021-04-01,655443.0
2021-07-01,666498.0
2021-10-01,675680.0
2022-01-01,682527.0
2022-04-01,686335.0
2022-07-01,687029.0
2022-10-01,688817.0
2023-01-01,689206.0
2023-04-01,689491.0
2023-07-01,687839.0
2023-10-01,685628.0
2024-01-01,690620.0
2024-04-01,694910.0
2024-07-01,696154.0
2024-10-01,699169.0
2025-01-01,703178.0
2025-04-01,704274.0
2025-07-01,704802.0
2025-10-01,705160.0
2026-01-01,709598.0
