observation_date,SPASTT01GRQ661N
1985-01-01,5.656341
1985-04-01,6.21547
1985-07-01,6.271476
1985-10-01,7.177316
1986-01-01,8.396047
1986-04-01,8.375389
1986-07-01,10.28926
1986-10-01,12.5571
1987-01-01,16.77431
1987-04-01,20.71406
1987-07-01,34.10508
1987-10-01,48.40396
1988-01-01,39.82269
1988-04-01,40.53609
1988-07-01,39.1273
1988-10-01,40.74642
1989-01-01,37.70815
1989-04-01,40.7892
1989-07-01,51.51503
1989-10-01,66.78204
1990-01-01,81.75045
1990-04-01,149.1369
1990-07-01,199.4377
1990-10-01,136.5096
1991-01-01,153.4326
1991-04-01,154.1568
1991-07-01,133.8447
1991-10-01,116.1195
1992-01-01,126.331
1992-04-01,117.1914
1992-07-01,107.2767
1992-10-01,87.66261
1993-01-01,107.6992
1993-04-01,104.0331
1993-07-01,117.6089
1993-10-01,121.184
1994-01-01,150.7412
1994-04-01,128.5644
1994-07-01,119.6041
1994-10-01,118.089
1995-01-01,115.2894
1995-04-01,122.1996
1995-07-01,132.9943
1995-10-01,127.1056
1996-01-01,136.506
1996-04-01,129.871
1996-07-01,128.4068
1996-10-01,129.5228
1997-01-01,168.8762
1997-04-01,215.7401
1997-07-01,225.181
1997-10-01,218.3046
1998-01-01,215.4397
1998-04-01,342.1999
1998-07-01,345.9507
1998-10-01,321.0397
1999-01-01,464.3806
1999-04-01,542.4884
1999-07-01,703.3415
1999-10-01,775.9496
2000-01-01,706.9761
2000-04-01,610.8323
2000-07-01,536.5334
2000-10-01,489.6668
2001-01-01,427.4381
2001-04-01,412.0954
2001-07-01,344.7851
2001-10-01,342.3661
2002-01-01,334.3079
2002-04-01,304.7097
2002-07-01,281.1701
2002-10-01,244.6105
2003-01-01,221.2424
2003-04-01,234.9124
2003-07-01,284.4552
2003-10-01,291.2244
2004-01-01,327.0757
2004-04-01,327.9688
2004-07-01,313.3318
2004-10-01,348.6485
2005-01-01,400.0396
2005-04-01,399.6834
2005-07-01,438.0401
2005-10-01,465.7989
2006-01-01,544.8119
2006-04-01,530.0952
2006-07-01,514.3188
2006-10-01,568.42
2007-01-01,623.9168
2007-04-01,651.8931
2007-07-01,661.8803
2007-10-01,693.5989
2008-01-01,583.6082
2008-04-01,541.7925
2008-07-01,440.6208
2008-10-01,272.8507
2009-01-01,226.1858
2009-04-01,286.8499
2009-07-01,323.7748
2009-10-01,338.3555
2010-01-01,276.615
2010-04-01,229.4389
2010-07-01,214.7403
2010-10-01,203.2628
2011-01-01,211.8011
2011-04-01,183.1573
2011-07-01,138.4849
2011-10-01,96.87469
2012-01-01,100.2053
2012-04-01,82.72147
2012-07-01,88.58408
2012-10-01,113.0605
2013-01-01,131.8409
2013-04-01,128.8756
2013-07-01,123.6791
2013-10-01,155.4684
2014-01-01,172.0253
2014-04-01,166.9589
2014-07-01,155.5156
2014-10-01,126.2526
2015-01-01,109.5299
2015-04-01,106.4894
2015-07-01,95.48257
2015-10-01,88.49805
2016-01-01,72.92614
2016-04-01,80.83347
2016-07-01,75.98377
2016-10-01,81.76666
2017-01-01,86.89425
2017-04-01,101.7199
2017-07-01,110.3987
2017-10-01,101.3695
2018-01-01,112.4799
2018-04-01,107.5014
2018-07-01,98.38707
2018-10-01,85.21928
2019-01-01,90.15636
2019-04-01,106.2809
2019-07-01,116.0294
2019-10-01,118.5714
2020-01-01,108.186
2020-04-01,84.5856
2020-07-01,86.03898
2020-10-01,93.37524
2021-01-01,108.3851
2021-04-01,121.3394
2021-07-01,120.1423
2021-10-01,120.8976
2022-01-01,122.6671
2022-04-01,119.1519
2022-07-01,113.1136
2022-10-01,119.3559
2023-01-01,140.4675
2023-04-01,157.5491
2023-07-01,173.7349
2023-10-01,166.5441
2024-01-01,187.535
2024-04-01,194.1106
2024-07-01,194.0002
2024-10-01,192.491
2025-01-01,215.0727
2025-04-01,237.553
2025-07-01,273.1074
2025-10-01,278.9916
2026-01-01,299.8465
2026-04-01,311.7114
