observation_date,SPASTT01IEQ661N
1955-01-01,0.7751466
1955-04-01,0.78028
1955-07-01,0.7684508
1955-10-01,0.7648798
1956-01-01,0.7548361
1956-04-01,0.7153311
1956-07-01,0.6767188
1956-10-01,0.6459183
1957-01-01,0.6423472
1957-04-01,0.6436864
1957-07-01,0.6323035
1957-10-01,0.6198048
1958-01-01,0.6001639
1958-04-01,0.6046277
1958-07-01,0.6331964
1958-10-01,0.6923423
1959-01-01,0.7550593
1959-04-01,0.8137589
1959-07-01,0.8563886
1959-10-01,0.935845
1960-01-01,0.9954373
1960-04-01,1.031594
1960-07-01,1.069983
1960-10-01,1.131808
1961-01-01,1.158591
1961-04-01,1.2809
1961-07-01,1.281793
1961-10-01,1.287373
1962-01-01,1.377319
1962-04-01,1.440706
1962-07-01,1.407004
1962-10-01,1.511235
1963-01-01,1.63399
1963-04-01,1.728624
1963-07-01,1.732641
1963-10-01,1.902044
1964-01-01,2.08216
1964-04-01,2.197774
1964-07-01,2.228574
1964-10-01,2.20938
1965-01-01,2.238172
1965-04-01,2.201345
1965-07-01,2.031272
1965-10-01,1.996678
1966-01-01,2.050467
1966-04-01,2.034843
1966-07-01,1.969671
1966-10-01,1.847585
1967-01-01,1.822364
1967-04-01,1.905392
1967-07-01,2.011185
1967-10-01,2.148671
1968-01-01,2.394183
1968-04-01,2.749505
1968-07-01,3.008185
1968-10-01,3.097685
1969-01-01,3.171338
1969-04-01,3.10572
1969-07-01,2.8736
1969-10-01,2.741024
1970-01-01,2.769592
1970-04-01,2.561354
1970-07-01,2.601305
1970-10-01,2.529437
1971-01-01,2.339278
1971-04-01,2.455561
1971-07-01,2.658889
1971-10-01,2.690582
1972-01-01,2.881188
1972-04-01,3.464166
1972-07-01,4.242215
1972-10-01,4.340642
1973-01-01,4.681457
1973-04-01,4.514286
1973-07-01,4.402243
1973-10-01,4.036431
1974-01-01,3.598082
1974-04-01,3.381139
1974-07-01,2.780975
1974-10-01,2.086178
1975-01-01,2.243305
1975-04-01,3.167544
1975-07-01,2.943905
1975-10-01,3.170892
1976-01-01,3.28472
1976-04-01,3.249679
1976-07-01,3.03095
1976-10-01,2.652416
1977-01-01,3.132503
1977-04-01,3.531794
1977-07-01,3.958984
1977-10-01,4.719846
1978-01-01,5.182077
1978-04-01,5.520213
1978-07-01,6.079756
1978-10-01,6.445791
1979-01-01,6.505607
1979-04-01,6.657824
1979-07-01,5.956108
1979-10-01,5.735371
1980-01-01,5.947626
1980-04-01,5.94093
1980-07-01,6.0898
1980-10-01,6.460745
1981-01-01,6.309421
1981-04-01,6.781249
1981-07-01,6.431507
1981-10-01,5.829334
1982-01-01,5.541417
1982-04-01,5.022941
1982-07-01,5.047269
1982-10-01,5.141456
1983-01-01,5.134114
1983-04-01,6.39713
1983-07-01,7.833911
1983-10-01,8.360414
1984-01-01,9.368421
1984-04-01,9.409338
1984-07-01,8.415507
1984-10-01,8.257798
1985-01-01,8.50878
1985-04-01,8.700157
1985-07-01,9.951735
1985-10-01,10.89402
1986-01-01,13.03074
1986-04-01,14.92626
1986-07-01,15.2398
1986-10-01,15.80233
1987-01-01,19.90331
1987-04-01,21.288
1987-07-01,25.06502
1987-10-01,19.27543
1988-01-01,18.17613
1988-04-01,20.70571
1988-07-01,23.356
1988-10-01,22.51719
1989-01-01,24.35321
1989-04-01,26.4698
1989-07-01,28.05516
1989-10-01,27.65786
1990-01-01,29.14753
1990-04-01,27.03636
1990-07-01,23.274
1990-10-01,20.12406
1991-01-01,20.84334
1991-04-01,23.09063
1991-07-01,22.88083
1991-10-01,22.52385
1992-01-01,22.97383
1992-04-01,22.40341
1992-07-01,20.09088
1992-10-01,18.59374
1993-01-01,21.38772
1993-04-01,24.97959
1993-07-01,27.12051
1993-10-01,28.99782
1994-01-01,31.76179
1994-04-01,29.00904
1994-07-01,29.64342
1994-10-01,29.28575
1995-01-01,29.9931
1995-04-01,30.89108
1995-07-01,33.66418
1995-10-01,35.12233
1996-01-01,37.47497
1996-04-01,40.64532
1996-07-01,40.63581
1996-10-01,42.90539
1997-01-01,47.38166
1997-04-01,51.41385
1997-07-01,58.14723
1997-10-01,61.63256
1998-01-01,75.79449
1998-04-01,84.18364
1998-07-01,76.47849
1998-10-01,71.78744
1999-01-01,84.80218
1999-04-01,82.44739
1999-07-01,78.67252
1999-10-01,77.03829
2000-01-01,82.38521
2000-04-01,84.09315
2000-07-01,85.15733
2000-10-01,92.80932
2001-01-01,91.99236
2001-04-01,97.02896
2001-07-01,93.73882
2001-10-01,86.1387
2002-01-01,83.36185
2002-04-01,82.43864
2002-07-01,69.01569
2002-10-01,66.46909
2003-01-01,63.54338
2003-04-01,68.11217
2003-07-01,72.11177
2003-10-01,76.175
2004-01-01,82.7373
2004-04-01,85.49423
2004-07-01,87.83672
2004-10-01,95.29223
2005-01-01,103.1905
2005-04-01,99.3858
2005-07-01,107.919
2005-10-01,110.6634
2006-01-01,124.2372
2006-04-01,123.3871
2006-07-01,125.2064
2006-10-01,141.0847
2007-01-01,152.6527
2007-04-01,154.5685
2007-07-01,136.4821
2007-10-01,118.4125
2008-01-01,104.1807
2008-04-01,97.33456
2008-07-01,71.19006
2008-10-01,43.53585
2009-01-01,36.26431
2009-04-01,42.24942
2009-07-01,47.76387
2009-10-01,48.6574
2010-01-01,48.61245
2010-04-01,50.51866
2010-07-01,45.39211
2010-10-01,44.2272
2011-01-01,46.76215
2011-04-01,47.42767
2011-07-01,42.33442
2011-10-01,43.02879
2012-01-01,50.28942
2012-04-01,50.30134
2012-07-01,51.64727
2012-10-01,53.05172
2013-01-01,59.19814
2013-04-01,63.37381
2013-07-01,67.15453
2013-10-01,70.88317
2014-01-01,78.61034
2014-04-01,78.79269
2014-07-01,76.50835
2014-10-01,78.79274
2015-01-01,91.73064
2015-04-01,99.96202
2015-07-01,102.8383
2015-10-01,105.4691
2016-01-01,100.9068
2016-04-01,99.53304
2016-07-01,96.01779
2016-10-01,99.51279
2017-01-01,105.8952
2017-04-01,111.3379
2017-07-01,108.4716
2017-10-01,111.2742
2018-01-01,109.9823
2018-04-01,111.8222
2018-07-01,109.3019
2018-10-01,95.00898
2019-01-01,95.75076
2019-04-01,100.8754
2019-07-01,97.78223
2019-10-01,109.4807
2020-01-01,105.022
2020-04-01,90.48605
2020-07-01,101.4943
2020-10-01,112.7044
2021-01-01,121.903
2021-04-01,131.6352
2021-07-01,137.2227
2021-10-01,134.234
2022-01-01,127.7944
2022-04-01,112.9029
2022-07-01,108.523
2022-10-01,112.899
2023-01-01,129.5712
2023-04-01,136.7846
2023-07-01,141.021
2023-10-01,133.8432
2024-01-01,149.6573
2024-04-01,158.902
2024-07-01,154.9552
2024-10-01,156.6525
2025-01-01,167.1199
2025-04-01,174.5963
2025-07-01,183.9727
2025-10-01,198.4182
2026-01-01,206.5066
2026-04-01,208.4192
