observation_date,SPASTT01ILQ661N
1980-01-01,0.002871752
1980-04-01,0.003701593
1980-07-01,0.004969954
1980-10-01,0.007075013
1981-01-01,0.009628179
1981-04-01,0.01152564
1981-07-01,0.01556493
1981-10-01,0.02003259
1982-01-01,0.02580327
1982-04-01,0.03414837
1982-07-01,0.04937581
1982-10-01,0.07648095
1983-01-01,0.08570372
1983-04-01,0.09641119
1983-07-01,0.1091885
1983-10-01,0.08821968
1984-01-01,0.1154382
1984-04-01,0.1646013
1984-07-01,0.2458155
1984-10-01,0.4503449
1985-01-01,0.6844808
1985-04-01,1.019659
1985-07-01,1.498524
1985-10-01,1.588973
1986-01-01,1.706041
1986-04-01,1.909484
1986-07-01,1.888841
1986-10-01,2.008082
1987-01-01,2.434253
1987-04-01,2.704514
1987-07-01,2.689303
1987-10-01,2.586631
1988-01-01,2.420943
1988-04-01,2.471465
1988-07-01,2.49754
1988-10-01,2.596953
1989-01-01,3.067398
1989-04-01,3.518014
1989-07-01,3.877367
1989-10-01,4.392629
1990-01-01,4.546093
1990-04-01,5.042885
1990-07-01,5.595631
1990-10-01,5.357692
1991-01-01,6.078027
1991-04-01,7.410592
1991-07-01,8.771132
1991-10-01,8.660583
1992-01-01,9.420575
1992-04-01,10.4788
1992-07-01,12.52057
1992-10-01,14.57075
1993-01-01,16.33465
1993-04-01,17.04602
1993-07-01,17.19188
1993-10-01,20.93072
1994-01-01,20.59717
1994-04-01,16.80754
1994-07-01,14.67668
1994-10-01,13.76784
1995-01-01,12.26171
1995-04-01,13.0782
1995-07-01,14.70928
1995-10-01,14.30837
1996-01-01,14.9005
1996-04-01,14.27197
1996-07-01,13.00731
1996-10-01,13.79908
1997-01-01,17.66938
1997-04-01,19.23635
1997-07-01,21.17056
1997-10-01,20.46951
1998-01-01,19.6302
1998-04-01,22.15436
1998-07-01,21.31968
1998-10-01,19.86027
1999-01-01,21.70646
1999-04-01,26.87782
1999-07-01,28.52981
1999-10-01,30.66175
2000-01-01,38.57348
2000-04-01,37.00407
2000-07-01,39.24818
2000-10-01,35.13261
2001-01-01,31.47417
2001-04-01,29.1271
2001-07-01,29.55925
2001-10-01,28.46788
2002-01-01,30.9073
2002-04-01,27.96267
2002-07-01,26.9642
2002-10-01,26.23327
2003-01-01,25.57378
2003-04-01,31.67761
2003-07-01,33.72209
2003-10-01,37.59511
2004-01-01,43.38956
2004-04-01,45.07659
2004-07-01,43.39935
2004-10-01,43.75191
2005-01-01,49.47574
2005-04-01,51.66146
2005-07-01,53.09969
2005-10-01,59.52892
2006-01-01,64.26894
2006-04-01,64.64133
2006-07-01,60.26609
2006-10-01,66.30038
2007-01-01,71.02548
2007-04-01,78.94834
2007-07-01,79.20638
2007-10-01,82.31452
2008-01-01,73.40568
2008-04-01,73.05094
2008-07-01,65.41165
2008-10-01,47.7936
2009-01-01,48.30044
2009-04-01,58.88491
2009-07-01,66.99628
2009-10-01,73.86716
2010-01-01,82.41421
2010-04-01,79.89168
2010-07-01,78.58492
2010-10-01,85.28604
2011-01-01,87.17352
2011-04-01,82.11353
2011-07-01,71.82784
2011-10-01,68.97693
2012-01-01,71.60756
2012-04-01,70.49989
2012-07-01,68.39539
2012-10-01,73.22777
2013-01-01,75.0267
2013-04-01,75.99313
2013-07-01,76.45624
2013-10-01,81.90655
2014-01-01,86.27935
2014-04-01,89.06834
2014-07-01,89.47278
2014-10-01,92.9305
2015-01-01,95.11323
2015-04-01,103.8165
2015-07-01,103.3183
2015-10-01,97.75201
2016-01-01,92.92371
2016-04-01,89.92666
2016-07-01,91.94669
2016-10-01,87.43618
2017-01-01,87.62414
2017-04-01,87.62441
2017-07-01,84.29463
2017-10-01,83.63107
2018-01-01,87.17651
2018-04-01,86.19352
2018-07-01,90.88085
2018-10-01,90.68339
2019-01-01,88.21464
2019-04-01,89.84273
2019-07-01,90.90014
2019-10-01,96.22443
2020-01-01,92.31772
2020-04-01,83.93745
2020-07-01,85.43488
2020-10-01,91.10738
2021-01-01,101.8852
2021-04-01,108.0475
2021-07-01,111.4131
2021-10-01,121.8509
2022-01-01,128.5243
2022-04-01,122.8898
2022-07-01,122.3575
2022-10-01,114.1024
2023-01-01,106.9287
2023-04-01,105.903
2023-07-01,111.6478
2023-10-01,106.4379
2024-01-01,116.6312
2024-04-01,118.7976
2024-07-01,121.7784
2024-10-01,137.4008
2025-01-01,154.0362
2025-04-01,160.8997
2025-07-01,185.425
2025-10-01,205.3815
2026-01-01,240.9177
2026-04-01,263.9092
