observation_date,SPASTT01ISQ661N
1993-01-01,32.25303
1993-04-01,29.05762
1993-07-01,28.65399
1993-10-01,30.13429
1994-01-01,28.95796
1994-04-01,30.23952
1994-07-01,32.60947
1994-10-01,35.51849
1995-01-01,37.01169
1995-04-01,38.81209
1995-07-01,42.3871
1995-10-01,46.62194
1996-01-01,53.84377
1996-04-01,63.36901
1996-07-01,73.36531
1996-10-01,78.14273
1997-01-01,84.56373
1997-04-01,101.7379
1997-07-01,99.64847
1997-10-01,89.46104
1998-01-01,85.66473
1998-04-01,87.24645
1998-07-01,92.99384
1998-10-01,88.15867
1999-01-01,98.86082
1999-04-01,101.4093
1999-07-01,108.0323
1999-10-01,120.5061
2000-01-01,144.5811
2000-04-01,143.5217
2000-07-01,133.4879
2000-10-01,118.9035
2001-01-01,107.5615
2001-04-01,97.40368
2001-07-01,91.44495
2001-10-01,98.80161
2002-01-01,111.9848
2002-04-01,116.9507
2002-07-01,117.3904
2002-10-01,122.2089
2003-01-01,126.738
2003-04-01,131.655
2003-07-01,145.7938
2003-10-01,172.0256
2004-01-01,206.3449
2004-04-01,229.8349
2004-07-01,270.7581
2004-10-01,292.2131
2005-01-01,307.481
2005-04-01,333.2216
2005-07-01,362.6967
2005-10-01,401.6316
2006-01-01,506.1908
2006-04-01,453.2171
2006-07-01,462.2108
2006-10-01,510.025
2007-01-01,574.4703
2007-04-01,636.1462
2007-07-01,665.5087
2007-10-01,589.9795
2008-01-01,417.037
2008-04-01,390.4777
2008-07-01,333.0003
2008-10-01,95.78297
2009-01-01,42.54539
2009-04-01,37.27873
2009-07-01,40.8983
2009-10-01,42.83002
2010-01-01,45.87153
2010-04-01,50.13099
2010-07-01,50.98781
2010-10-01,50.78584
2011-01-01,53.706
2011-04-01,54.55549
2011-07-01,52.97669
2011-10-01,50.55281
2012-01-01,54.48866
2012-04-01,59.5853
2012-07-01,57.46157
2012-10-01,56.68302
2013-01-01,67.00176
2013-04-01,66.19331
2013-07-01,66.86076
2013-10-01,72.09547
2014-01-01,76.02692
2014-04-01,73.44328
2014-07-01,74.6882
2014-10-01,80.45113
2015-01-01,90.23843
2015-04-01,93.91222
2015-07-01,103.1338
2015-10-01,112.7156
2016-01-01,112.6748
2016-04-01,114.1874
2016-07-01,109.8417
2016-10-01,108.2026
2017-01-01,111.726
2017-04-01,119.2632
2017-07-01,117.7202
2017-10-01,114.7728
2018-01-01,119.1943
2018-04-01,118.5415
2018-07-01,112.3263
2018-10-01,108.8768
2019-01-01,112.8334
2019-04-01,126.0093
2019-07-01,126.4575
2019-10-01,127.2909
2020-01-01,126.3142
2020-04-01,123.5977
2020-07-01,132.3444
2020-10-01,147.984
2021-01-01,179.0672
2021-04-01,191.4798
2021-07-01,211.9906
2021-10-01,226.5166
2022-01-01,224.5231
2022-04-01,212.2251
2022-07-01,208.1386
2022-10-01,193.8614
2023-01-01,205.1267
2023-04-01,182.8562
2023-07-01,178.7266
2023-10-01,167.8553
2024-01-01,195.7246
2024-04-01,181.5913
2024-07-01,177.7616
2024-10-01,200.2291
2025-01-01,208.4733
2025-04-01,184.2304
2025-07-01,184.2614
2025-10-01,185.0664
2026-01-01,192.5585
2026-04-01,182.4915
