observation_date,SPASTT01ITQ661N
1957-01-01,4.798152
1957-04-01,4.939115
1957-07-01,5.025861
1957-10-01,4.928271
1958-01-01,4.830682
1958-04-01,4.722249
1958-07-01,4.846947
1958-10-01,5.383689
1959-01-01,6.164405
1959-04-01,7.210782
1959-07-01,8.305953
1959-10-01,8.65836
1960-01-01,9.379438
1960-04-01,10.31196
1960-07-01,13.49446
1960-10-01,12.28002
1961-01-01,12.80049
1961-04-01,13.57037
1961-07-01,12.84387
1961-10-01,12.71375
1962-01-01,11.9764
1962-04-01,11.40171
1962-07-01,10.60473
1962-10-01,10.06256
1963-01-01,9.737267
1963-04-01,9.845699
1963-07-01,9.44992
1963-10-01,9.054139
1964-01-01,8.219207
1964-04-01,7.10777
1964-07-01,6.852953
1964-10-01,7.031868
1965-01-01,7.048132
1965-04-01,7.411383
1965-07-01,7.1403
1965-10-01,7.33548
1966-01-01,8.853539
1966-04-01,8.343904
1966-07-01,8.501132
1966-10-01,8.56077
1967-01-01,7.99692
1967-04-01,7.611983
1967-07-01,7.790897
1967-10-01,8.116196
1968-01-01,7.720416
1968-04-01,7.83427
1968-07-01,7.921017
1968-10-01,7.574032
1969-01-01,7.807162
1969-04-01,8.810165
1969-07-01,8.723419
1969-10-01,9.314379
1970-01-01,9.086669
1970-04-01,8.848117
1970-07-01,8.19752
1970-10-01,7.628248
1971-01-01,7.281263
1971-04-01,6.711991
1971-07-01,6.365006
1971-10-01,6.028864
1972-01-01,5.952961
1972-04-01,6.186092
1972-07-01,6.272838
1972-10-01,6.592715
1973-01-01,6.804159
1973-04-01,8.65836
1973-07-01,8.631251
1973-10-01,8.202942
1974-01-01,8.577035
1974-04-01,8.387278
1974-07-01,6.690304
1974-10-01,5.91501
1975-01-01,6.033494
1975-04-01,5.955738
1975-07-01,5.036981
1975-10-01,4.914997
1976-01-01,5.186155
1976-04-01,4.644156
1976-07-01,5.020685
1976-10-01,4.309084
1977-01-01,4.241374
1977-04-01,3.896237
1977-07-01,3.978761
1977-10-01,3.749729
1978-01-01,3.815974
1978-04-01,3.923127
1978-07-01,4.344696
1978-10-01,4.758213
1979-01-01,4.857386
1979-04-01,5.065089
1979-07-01,5.718532
1979-10-01,5.878953
1980-01-01,6.534832
1980-04-01,6.966093
1980-07-01,8.799299
1980-10-01,12.28567
1981-01-01,16.33292
1981-04-01,20.2401
1981-07-01,16.38637
1981-10-01,14.99562
1982-01-01,15.58179
1982-04-01,14.47577
1982-07-01,13.21532
1982-10-01,13.41247
1983-01-01,15.09661
1983-04-01,15.49623
1983-07-01,15.74813
1983-10-01,15.02927
1984-01-01,17.4567
1984-04-01,16.76369
1984-07-01,16.6999
1984-10-01,16.61222
1985-01-01,20.87072
1985-04-01,23.46736
1985-07-01,28.70852
1985-10-01,33.0143
1986-01-01,42.77573
1986-04-01,60.6087
1986-07-01,60.80083
1986-10-01,59.76572
1987-01-01,57.20642
1987-04-01,58.73382
1987-07-01,52.57577
1987-10-01,44.44917
1988-01-01,39.77385
1988-04-01,40.92655
1988-07-01,43.2421
1988-10-01,47.75037
1989-01-01,48.86638
1989-04-01,50.89286
1989-07-01,57.46956
1989-10-01,55.03125
1990-01-01,55.90467
1990-04-01,59.54585
1990-07-01,53.88322
1990-10-01,44.381
1991-01-01,44.62621
1991-04-01,48.76583
1991-07-01,45.80622
1991-10-01,41.83291
1992-01-01,43.16616
1992-04-01,39.99874
1992-07-01,32.50143
1992-10-01,34.9283
1993-01-01,40.32675
1993-04-01,43.4129
1993-07-01,47.76255
1993-10-01,46.91433
1994-01-01,52.98985
1994-04-01,61.96135
1994-07-01,56.09715
1994-10-01,51.41899
1995-01-01,52.56913
1995-04-01,51.28364
1995-07-01,52.57227
1995-10-01,47.43096
1996-01-01,49.34374
1996-04-01,53.15767
1996-07-01,50.1807
1996-10-01,52.42924
1997-01-01,61.90376
1997-04-01,63.80341
1997-07-01,75.23408
1997-10-01,79.84509
1998-01-01,102.8197
1998-04-01,123.786
1998-07-01,116.4877
1998-10-01,106.4614
1999-01-01,123.4915
1999-04-01,126.8647
1999-07-01,123.1456
1999-10-01,127.0136
2000-01-01,159.6918
2000-04-01,160.783
2000-07-01,166.5389
2000-10-01,163.0
2001-01-01,148.9774
2001-04-01,141.4638
2001-07-01,123.2266
2001-10-01,113.8528
2002-01-01,117.4067
2002-04-01,115.2681
2002-07-01,95.19839
2002-10-01,90.51497
2003-01-01,86.86644
2003-04-01,92.4761
2003-07-01,96.73314
2003-10-01,101.3332
2004-01-01,105.8292
2004-04-01,107.4804
2004-07-01,106.3284
2004-10-01,114.8965
2005-01-01,124.8531
2005-04-01,125.4068
2005-07-01,133.0212
2005-10-01,133.7542
2006-01-01,146.039
2006-04-01,147.0125
2006-07-01,146.3387
2006-10-01,158.9419
2007-01-01,166.4274
2007-04-01,172.533
2007-07-01,161.8485
2007-10-01,155.6888
2008-01-01,132.9739
2008-04-01,128.9006
2008-07-01,111.4147
2008-10-01,82.21778
2009-01-01,69.5325
2009-04-01,77.96338
2009-07-01,85.87672
2009-10-01,92.55702
2010-01-01,90.80843
2010-04-01,85.66374
2010-07-01,83.55508
2010-10-01,85.92102
2011-01-01,90.47983
2011-04-01,88.82878
2011-07-01,70.44858
2011-10-01,66.22112
2012-01-01,70.4576
2012-04-01,62.00824
2012-07-01,65.29238
2012-10-01,68.9571
2013-01-01,73.11774
2013-04-01,73.53703
2013-07-01,75.69107
2013-10-01,83.55463
2014-01-01,89.88949
2014-04-01,95.87992
2014-07-01,91.31566
2014-10-01,85.41933
2015-01-01,94.29076
2015-04-01,104.2113
2015-07-01,101.2415
2015-10-01,100.2565
2016-01-01,85.98259
2016-04-01,84.11158
2016-07-01,79.96716
2016-10-01,83.0349
2017-01-01,92.96051
2017-04-01,100.6308
2017-07-01,103.8654
2017-10-01,107.677
2018-01-01,108.8764
2018-04-01,109.6757
2018-07-01,103.8787
2018-10-01,93.15824
2019-01-01,97.94986
2019-04-01,102.8069
2019-07-01,104.3782
2019-10-01,110.8286
2020-01-01,105.2635
2020-04-01,88.31362
2020-07-01,95.97511
2020-10-01,100.2279
2021-01-01,111.5047
2021-04-01,121.127
2021-07-01,123.2369
2021-10-01,131.1712
2022-01-01,129.4458
2022-04-01,119.827
2022-07-01,110.3604
2022-10-01,115.4091
2023-01-01,130.2217
2023-04-01,132.8032
2023-07-01,136.9773
2023-10-01,138.4004
2024-01-01,151.6556
2024-04-01,160.087
2024-07-01,156.5691
2024-10-01,158.343
2025-01-01,171.4934
2025-04-01,176.06
2025-07-01,189.0443
2025-10-01,196.5256
2026-01-01,205.2114
2026-04-01,222.4962
