observation_date,NGDPRSAXDCJPQ
1994-01-01,116266250.0
1994-04-01,115374450.0
1994-07-01,116534100.0
1994-10-01,116098900.0
1995-01-01,117223900.0
1995-04-01,118289000.0
1995-07-01,119648250.0
1995-10-01,119947300.0
1996-01-01,121067225.0
1996-04-01,122375100.0
1996-07-01,122596475.0
1996-10-01,123910400.0
1997-01-01,124726950.0
1997-04-01,123850675.0
1997-07-01,124043325.0
1997-10-01,124028000.0
1998-01-01,122066050.0
1998-04-01,121391650.0
1998-07-01,121550475.0
1998-10-01,122599150.0
1999-01-01,120809050.0
1999-04-01,121419750.0
1999-07-01,122094000.0
1999-10-01,122020875.0
2000-01-01,124313825.0
2000-04-01,125074175.0
2000-07-01,125017725.0
2000-10-01,126313325.0
2001-01-01,127052000.0
2001-04-01,126088125.0
2001-07-01,124603750.0
2001-10-01,124331675.0
2002-01-01,124646925.0
2002-04-01,125541525.0
2002-07-01,125927825.0
2002-10-01,126221975.0
2003-01-01,126076825.0
2003-04-01,127117100.0
2003-07-01,127485925.0
2003-10-01,128775225.0
2004-01-01,129876950.0
2004-04-01,129782225.0
2004-07-01,130501450.0
2004-10-01,130004025.0
2005-01-01,130808775.0
2005-04-01,132066050.0
2005-07-01,133256175.0
2005-10-01,133631000.0
2006-01-01,133734800.0
2006-04-01,134105150.0
2006-07-01,134086600.0
2006-10-01,135888925.0
2007-01-01,136865600.0
2007-04-01,137077625.0
2007-07-01,136178300.0
2007-10-01,136951300.0
2008-01-01,137236800.0
2008-04-01,136578825.0
2008-07-01,135060975.0
2008-10-01,131854725.0
2009-01-01,126006650.0
2009-04-01,127416675.0
2009-07-01,126589250.0
2009-10-01,128621625.0
2010-01-01,130216300.0
2010-04-01,132011500.0
2010-07-01,134287975.0
2010-10-01,133134425.0
2011-01-01,131224425.0
2011-04-01,130385025.0
2011-07-01,133505850.0
2011-10-01,133552200.0
2012-01-01,135582225.0
2012-04-01,134325750.0
2012-07-01,133794625.0
2012-10-01,133721350.0
2013-01-01,135429450.0
2013-04-01,136818675.0
2013-07-01,138116850.0
2013-10-01,137922575.0
2014-01-01,139366500.0
2014-04-01,137359600.0
2014-07-01,137628525.0
2014-10-01,138423950.0
2015-01-01,140653900.0
2015-04-01,140737700.0
2015-07-01,140944775.0
2015-10-01,140673925.0
2016-01-01,141895625.0
2016-04-01,141410600.0
2016-07-01,141728475.0
2016-10-01,141750775.0
2017-01-01,142783025.0
2017-04-01,143242125.0
2017-07-01,144872100.0
2017-10-01,145097900.0
2018-01-01,144873850.0
2018-04-01,145787250.0
2018-07-01,145073600.0
2018-10-01,145174875.0
2019-01-01,145362275.0
2019-04-01,145929850.0
2019-07-01,146003250.0
2019-10-01,141801100.0
2020-01-01,142358625.0
2020-04-01,132051600.0
2020-07-01,138647125.0
2020-10-01,140962175.0
2021-01-01,142494525.0
2021-04-01,143489325.0
2021-07-01,143284275.0
2021-10-01,144999625.0
2022-01-01,144528375.0
2022-04-01,145839025.0
2022-07-01,145314325.0
2022-10-01,145987775.0
2023-01-01,147178950.0
2023-04-01,147296050.0
2023-07-01,145283850.0
2023-10-01,146052350.0
2024-01-01,145614875.0
2024-04-01,145584425.0
2024-07-01,146579475.0
2024-10-01,147089775.0
2025-01-01,147836000.0
2025-04-01,148235825.0
2025-07-01,147364950.0
2025-10-01,147636450.0
2026-01-01,148304700.0
