observation_date,SPASTT01JPQ661N
1959-01-01,3.51105
1959-04-01,3.869459
1959-07-01,4.282425
1959-10-01,4.644706
1960-01-01,4.873497
1960-04-01,5.245281
1960-07-01,5.683414
1960-10-01,6.362921
1961-01-01,7.473785
1961-04-01,8.219818
1961-07-01,8.322421
1961-10-01,6.730657
1962-01-01,7.437091
1962-04-01,6.978806
1962-07-01,6.974847
1962-10-01,6.785831
1963-01-01,7.389925
1963-04-01,7.816179
1963-07-01,6.965167
1963-10-01,6.426014
1964-01-01,6.288388
1964-04-01,6.340306
1964-07-01,6.419679
1964-10-01,6.022991
1965-01-01,6.003808
1965-04-01,5.592426
1965-07-01,5.730228
1965-10-01,6.472388
1966-01-01,7.380509
1966-04-01,7.642122
1966-07-01,7.298937
1966-10-01,7.044012
1967-01-01,7.239716
1967-04-01,7.265675
1967-07-01,6.963143
1967-10-01,6.561528
1968-01-01,6.697827
1968-04-01,7.236945
1968-07-01,8.213331
1968-10-01,8.516303
1969-01-01,8.927141
1969-04-01,9.651051
1969-07-01,9.721099
1969-10-01,10.64935
1970-01-01,11.47662
1970-04-01,10.6616
1970-07-01,10.205
1970-10-01,9.810487
1971-01-01,10.41665
1971-04-01,11.95665
1971-07-01,12.28626
1971-10-01,11.65432
1972-01-01,13.96722
1972-04-01,16.59878
1972-07-01,19.67448
1972-10-01,22.58
1973-01-01,25.41483
1973-04-01,23.30198
1973-07-01,23.69476
1973-10-01,21.0473
1974-01-01,20.63604
1974-04-01,21.38638
1974-07-01,19.62484
1974-10-01,17.55389
1975-01-01,19.11086
1975-04-01,21.01378
1975-07-01,20.03375
1975-10-01,20.20393
1976-01-01,21.8273
1976-04-01,22.09159
1976-07-01,22.80691
1976-10-01,22.84945
1977-01-01,24.43114
1977-04-01,24.26977
1977-07-01,24.5751
1977-10-01,24.08433
1978-01-01,24.83488
1978-04-01,26.47738
1978-07-01,27.29755
1978-10-01,28.43552
1979-01-01,29.15814
1979-04-01,28.8498
1979-07-01,28.9654
1979-10-01,28.99849
1980-01-01,29.85347
1980-04-01,29.99121
1980-07-01,30.64249
1980-10-01,31.76155
1981-01-01,32.8183
1981-04-01,35.87659
1981-07-01,37.63126
1981-10-01,35.86757
1982-01-01,36.10715
1982-04-01,35.05127
1982-07-01,34.08176
1982-10-01,36.32568
1983-01-01,38.15705
1983-04-01,40.74198
1983-07-01,43.31681
1983-10-01,44.6529
1984-01-01,50.39883
1984-04-01,52.96894
1984-07-01,51.46503
1984-10-01,55.53796
1985-01-01,61.51596
1985-04-01,63.75731
1985-07-01,65.80678
1985-10-01,65.88499
1986-01-01,70.12853
1986-04-01,82.25493
1986-07-01,94.43891
1986-10-01,94.55236
1987-01-01,112.6449
1987-04-01,136.7121
1987-07-01,132.8598
1987-10-01,122.5659
1988-01-01,127.2729
1988-04-01,140.0796
1988-07-01,139.6157
1988-10-01,142.7423
1989-01-01,157.4029
1989-04-01,160.3245
1989-07-01,167.2602
1989-10-01,177.3462
1990-01-01,168.4762
1990-04-01,148.4597
1990-07-01,132.7807
1990-10-01,112.5667
1991-01-01,119.2149
1991-04-01,125.5619
1991-07-01,114.9621
1991-10-01,115.2812
1992-01-01,100.4573
1992-04-01,85.3042
1992-07-01,82.31359
1992-10-01,83.67976
1993-01-01,84.52313
1993-04-01,102.9449
1993-07-01,106.3425
1993-10-01,99.09479
1994-01-01,101.6589
1994-04-01,106.0234
1994-07-01,105.0876
1994-10-01,99.55935
1995-01-01,90.36125
1995-04-01,82.26588
1995-07-01,88.56534
1995-10-01,94.79517
1996-01-01,102.32
1996-04-01,108.361
1996-07-01,103.186
1996-10-01,100.127
1997-01-01,88.95297
1997-04-01,94.47006
1997-07-01,94.95396
1997-10-01,81.29122
1998-01-01,80.48716
1998-04-01,77.94176
1998-07-01,75.71396
1998-10-01,69.71125
1999-01-01,72.76202
1999-04-01,86.73225
1999-07-01,95.2911
1999-10-01,102.4623
2000-01-01,108.1511
2000-04-01,103.9406
2000-07-01,97.33197
2000-10-01,89.70116
2001-01-01,81.27102
2001-04-01,85.6048
2001-07-01,73.74722
2001-10-01,67.50836
2002-01-01,65.68752
2002-04-01,69.70845
2002-07-01,61.79251
2002-10-01,55.28914
2003-01-01,53.52525
2003-04-01,53.49516
2003-07-01,63.45606
2003-10-01,66.23674
2004-01-01,69.66891
2004-04-01,74.86628
2004-07-01,72.69864
2004-10-01,71.41391
2005-01-01,75.13079
2005-04-01,74.13506
2005-07-01,80.90187
2005-10-01,97.04748
2006-01-01,106.8908
2006-04-01,106.2651
2006-07-01,102.0394
2006-10-01,104.481
2007-01-01,111.2942
2007-04-01,111.8454
2007-07-01,105.946
2007-10-01,99.48113
2008-01-01,84.04182
2008-04-01,87.06788
2008-07-01,79.54988
2008-10-01,55.7739
2009-01-01,50.38186
2009-04-01,56.52445
2009-07-01,60.18697
2009-10-01,56.82893
2010-01-01,59.48713
2010-04-01,59.72822
2010-07-01,54.12216
2010-10-01,55.26143
2011-01-01,59.15515
2011-04-01,53.87399
2011-07-01,51.44011
2011-10-01,47.52919
2012-01-01,51.41476
2012-04-01,49.40912
2012-07-01,48.09087
2012-10-01,49.54342
2013-01-01,62.01039
2013-04-01,73.08347
2013-07-01,75.6308
2013-10-01,78.79073
2014-01-01,78.84058
2014-04-01,77.18821
2014-07-01,82.95821
2014-10-01,86.99096
2015-01-01,94.62305
2015-04-01,104.5554
2015-07-01,101.1685
2015-10-01,99.65303
2016-01-01,88.0939
2016-04-01,84.97093
2016-07-01,84.46985
2016-10-01,92.24419
2017-01-01,99.36059
2017-04-01,100.2906
2017-07-01,104.694
2017-10-01,114.1673
2018-01-01,115.0672
2018-04-01,113.5536
2018-07-01,111.704
2018-10-01,105.5548
2019-01-01,101.5961
2019-04-01,101.3701
2019-07-01,100.0634
2019-10-01,108.2321
2020-01-01,102.573
2020-04-01,96.25739
2020-07-01,102.8953
2020-10-01,110.0334
2021-01-01,122.5287
2021-04-01,124.6278
2021-07-01,127.2967
2021-10-01,128.7796
2022-01-01,123.8295
2022-04-01,122.0442
2022-07-01,124.481
2022-10-01,124.5833
2023-01-01,126.6094
2023-04-01,137.3391
2023-07-01,149.0864
2023-10-01,149.8626
2024-01-01,167.8017
2024-04-01,176.3008
2024-07-01,173.263
2024-10-01,174.6181
2025-01-01,176.8155
2025-04-01,173.2296
2025-07-01,194.3999
2025-10-01,213.4312
2026-01-01,236.0789
2026-04-01,248.0001
