observation_date,SPASTT01KRQ661N
1981-01-01,5.179342
1981-04-01,6.153887
1981-07-01,7.324004
1981-10-01,6.463819
1982-01-01,6.306367
1982-04-01,5.880418
1982-07-01,6.021296
1982-10-01,6.06273
1983-01-01,5.998092
1983-04-01,6.250016
1983-07-01,6.032897
1983-10-01,5.925167
1984-01-01,6.256645
1984-04-01,6.603039
1984-07-01,6.679279
1984-10-01,6.685909
1985-01-01,6.795297
1985-04-01,6.740603
1985-07-01,6.772093
1985-10-01,7.324004
1986-01-01,8.520639
1986-04-01,10.85424
1986-07-01,13.10001
1986-10-01,12.82654
1987-01-01,16.16783
1987-04-01,18.89424
1987-07-01,23.52664
1987-10-01,24.45644
1988-01-01,30.64182
1988-04-01,33.60854
1988-07-01,34.23006
1988-10-01,39.37791
1989-01-01,45.61633
1989-04-01,46.35387
1989-07-01,45.75389
1989-10-01,44.97326
1990-01-01,43.26947
1990-04-01,38.51607
1990-07-01,32.11689
1990-10-01,34.66761
1991-01-01,32.69698
1991-04-01,31.04622
1991-07-01,33.83063
1991-10-01,33.12127
1992-01-01,31.60476
1992-04-01,28.87504
1992-07-01,25.79561
1992-10-01,30.50094
1993-01-01,33.3301
1993-04-01,36.35815
1993-07-01,35.68359
1993-10-01,39.44918
1994-01-01,44.96332
1994-04-01,45.62893
1994-07-01,47.83193
1994-10-01,53.6424
1995-01-01,47.0266
1995-04-01,44.27252
1995-07-01,46.96544
1995-10-01,47.64
1996-01-01,43.06395
1996-04-01,45.25502
1996-07-01,40.1254
1996-10-01,37.09569
1997-01-01,33.55219
1997-04-01,36.00844
1997-07-01,35.95375
1997-10-01,24.33876
1998-01-01,25.24933
1998-04-01,18.46
1998-07-01,15.79061
1998-10-01,21.75622
1999-01-01,28.4534
1999-04-01,38.25139
1999-07-01,46.92733
1999-10-01,45.79699
2000-01-01,45.36805
2000-04-01,38.16686
2000-07-01,35.53377
2000-10-01,26.78441
2001-01-01,28.60489
2001-04-01,28.68809
2001-07-01,26.94882
2001-10-01,29.64821
2002-01-01,39.25958
2002-04-01,41.8466
2002-07-01,35.968
2002-10-01,33.44927
2003-01-01,29.35966
2003-04-01,30.83374
2003-07-01,36.15164
2003-10-01,38.86446
2004-01-01,42.91777
2004-04-01,41.09431
2004-07-01,38.97815
2004-10-01,42.86457
2005-01-01,47.31449
2005-04-01,47.83027
2005-07-01,55.2398
2005-10-01,62.75224
2006-01-01,67.20267
2006-04-01,67.23764
2006-07-01,65.44385
2006-10-01,69.26512
2007-01-01,70.40939
2007-04-01,80.94673
2007-07-01,93.03739
2007-10-01,96.66193
2008-01-01,84.21428
2008-04-01,89.20203
2008-07-01,75.52376
2008-10-01,56.36814
2009-01-01,56.83851
2009-04-01,68.22196
2009-07-01,77.85404
2009-10-01,80.62337
2010-01-01,81.92973
2010-04-01,84.00959
2010-07-01,88.02975
2010-10-01,96.44382
2011-01-01,101.1796
2011-04-01,105.3249
2011-07-01,96.27957
2011-10-01,91.87788
2012-01-01,98.17232
2012-04-01,94.96891
2012-07-01,94.6139
2012-10-01,96.58968
2013-01-01,98.73003
2013-04-01,96.15444
2013-07-01,95.42221
2013-10-01,99.89235
2014-01-01,96.8
2014-04-01,99.05289
2014-07-01,101.5418
2014-10-01,96.88866
2015-01-01,97.69382
2015-04-01,104.2291
2015-07-01,98.64666
2015-10-01,99.43044
2016-01-01,95.71076
2016-04-01,98.45689
2016-07-01,100.7096
2016-10-01,100.1067
2017-01-01,104.0965
2017-04-01,113.0888
2017-07-01,118.5907
2017-10-01,123.6195
2018-01-01,122.7539
2018-04-01,121.3695
2018-07-01,114.0128
2018-10-01,104.6804
2019-01-01,107.2667
2019-04-01,106.2774
2019-07-01,100.5876
2019-10-01,105.1363
2020-01-01,102.1079
2020-04-01,98.61617
2020-07-01,114.6599
2020-10-01,126.3584
2021-01-01,152.5435
2021-04-01,158.9861
2021-07-01,158.7464
2021-10-01,148.2036
2022-01-01,137.0543
2022-04-01,129.728
2022-07-01,119.0498
2022-10-01,116.0171
2023-01-01,119.8798
2023-04-01,126.7383
2023-07-01,127.5055
2023-10-01,122.964
2024-01-01,130.119
2024-04-01,134.7444
2024-07-01,133.3874
2024-10-01,124.9687
2025-01-01,127.0764
2025-04-01,132.8328
2025-07-01,160.8816
2025-10-01,196.5513
2026-01-01,263.5674
2026-04-01,367.4104
