observation_date,value
1995-01-01,50.998
1995-04-01,51.138
1995-07-01,51.093
1995-10-01,50.715
1996-01-01,51.171
1996-04-01,51.727
1996-07-01,50.788
1996-10-01,53.078
1997-01-01,52.848
1997-04-01,53.816
1997-07-01,55.221
1997-10-01,56.067
1998-01-01,56.71
1998-04-01,57.872
1998-07-01,58.613
1998-10-01,59.299
1999-01-01,61.144
1999-04-01,62.422
1999-07-01,64.186
1999-10-01,63.747
2000-01-01,66.8
2000-04-01,66.423
2000-07-01,67.445
2000-10-01,68.25
2001-01-01,69.007
2001-04-01,68.204
2001-07-01,68.989
2001-10-01,70.985
2002-01-01,71.095
2002-04-01,71.859
2002-07-01,71.723
2002-10-01,71.458
2003-01-01,71.465
2003-04-01,73.287
2003-07-01,73.794
2003-10-01,75.165
2004-01-01,75.824
2004-04-01,76.587
2004-07-01,77.233
2004-10-01,76.604
2005-01-01,76.312
2005-04-01,76.112
2005-07-01,78.549
2005-10-01,82.84
2006-01-01,82.306
2006-04-01,83.121
2006-07-01,83.365
2006-10-01,83.915
2007-01-01,88.55
2007-04-01,90.46
2007-07-01,89.959
2007-10-01,90.62
2008-01-01,91.683
2008-04-01,90.359
2008-07-01,89.859
2008-10-01,86.595
2009-01-01,84.303
2009-04-01,85.935
2009-07-01,87.727
2009-10-01,88.853
2010-01-01,89.92
2010-04-01,90.495
2010-07-01,89.337
2010-10-01,90.061
2011-01-01,91.008
2011-04-01,90.395
2011-07-01,91.677
2011-10-01,90.448
2012-01-01,91.807
2012-04-01,91.875
2012-07-01,92.28
2012-10-01,93.489
2013-01-01,93.614
2013-04-01,95.8
2013-07-01,96.109
2013-10-01,95.574
2014-01-01,96.883
2014-04-01,95.843
2014-07-01,97.834
2014-10-01,100.512
2015-01-01,99.542
2015-04-01,100.293
2015-07-01,100.003
2015-10-01,100.161
2016-01-01,103.234
2016-04-01,104.834
2016-07-01,105.662
2016-10-01,106.233
2017-01-01,104.732
2017-04-01,105.848
2017-07-01,107.086
2017-10-01,107.885
2018-01-01,107.731
2018-04-01,107.505
2018-07-01,108.356
2018-10-01,108.967
2019-01-01,109.336
2019-04-01,111.109
2019-07-01,111.682
2019-10-01,112.367
2020-01-01,111.628
2020-04-01,104.037
2020-07-01,112.859
2020-10-01,113.821
2021-01-01,117.271
2021-04-01,117.113
2021-07-01,118.056
2021-10-01,120.545
2022-01-01,117.672
2022-04-01,116.831
2022-07-01,117.216
2022-10-01,116.117
2023-01-01,116.878
2023-04-01,117.313
2023-07-01,117.956
2023-10-01,116.104
2024-01-01,119.689
2024-04-01,118.269
2024-07-01,115.342
2024-10-01,116.571
2025-01-01,117.058
2025-04-01,117.676
2025-07-01,119.064
2025-10-01,119.01
2026-01-01,118.988
