observation_date,SPASTT01NLQ661N
1957-01-01,4.454113
1957-04-01,4.98234
1957-07-01,4.973387
1957-10-01,3.975128
1958-01-01,3.979605
1958-04-01,4.297436
1958-07-01,4.633173
1958-10-01,5.309124
1959-01-01,5.828398
1959-04-01,6.428248
1959-07-01,6.853516
1959-10-01,7.260877
1960-01-01,7.753291
1960-04-01,8.527725
1960-07-01,9.297682
1960-10-01,8.939563
1961-01-01,9.642372
1961-04-01,10.20193
1961-07-01,8.952992
1961-10-01,9.08281
1962-01-01,9.346924
1962-04-01,8.223323
1962-07-01,7.681667
1962-10-01,7.448889
1963-01-01,8.057693
1963-04-01,8.617255
1963-07-01,8.764979
1963-10-01,8.75155
1964-01-01,9.060428
1964-04-01,9.252917
1964-07-01,9.10967
1964-10-01,9.08281
1965-01-01,9.060428
1965-04-01,8.523249
1965-07-01,8.254659
1965-10-01,7.88311
1966-01-01,7.789103
1966-04-01,7.081817
1966-07-01,6.293953
1966-10-01,6.092511
1967-01-01,6.522254
1967-04-01,6.857992
1967-07-01,7.372789
1967-10-01,7.887586
1968-01-01,8.308376
1968-04-01,9.08281
1968-07-01,9.584178
1968-10-01,10.28251
1969-01-01,10.56453
1969-04-01,10.67644
1969-07-01,9.745332
1969-10-01,10.13926
1970-01-01,9.852768
1970-04-01,9.400641
1970-07-01,9.517031
1970-10-01,9.002234
1971-01-01,9.060428
1971-04-01,9.458837
1971-07-01,9.087287
1971-10-01,7.807009
1972-01-01,9.087287
1972-04-01,10.25565
1972-07-01,11.07485
1972-10-01,11.04799
1973-01-01,11.87167
1973-04-01,11.64784
1973-07-01,10.63615
1973-10-01,9.414071
1974-01-01,8.944039
1974-04-01,9.320065
1974-07-01,8.223323
1974-10-01,7.032575
1975-01-01,8.348665
1975-04-01,8.82765
1975-07-01,8.478483
1975-10-01,8.38
1976-01-01,9.584178
1976-04-01,9.373783
1976-07-01,8.666496
1976-10-01,7.986069
1977-01-01,8.420289
1977-04-01,8.926133
1977-07-01,8.496389
1977-10-01,8.263612
1978-01-01,8.178558
1978-04-01,8.496389
1978-07-01,8.997757
1978-10-01,8.576966
1979-01-01,8.576966
1979-04-01,8.523249
1979-07-01,8.599349
1979-10-01,8.138269
1980-01-01,7.730908
1980-04-01,7.771197
1980-07-01,8.071122
1980-10-01,8.124841
1981-01-01,8.294947
1981-04-01,8.679926
1981-07-01,8.590396
1981-10-01,7.918921
1982-01-01,8.156176
1982-04-01,8.630684
1982-07-01,8.169605
1982-10-01,9.073857
1983-01-01,10.02384
1983-04-01,11.92113
1983-07-01,13.16418
1983-10-01,13.22493
1984-01-01,15.1082
1984-04-01,14.9353
1984-07-01,15.26709
1984-10-01,16.7952
1985-01-01,18.95418
1985-04-01,19.53365
1985-07-01,19.72992
1985-10-01,20.29069
1986-01-01,21.49168
1986-04-01,22.73473
1986-07-01,23.10391
1986-10-01,22.79081
1987-01-01,22.72539
1987-04-01,24.56192
1987-07-01,26.75362
1987-10-01,19.74394
1988-01-01,19.40747
1988-04-01,20.87016
1988-07-01,22.23938
1988-10-01,22.44033
1989-01-01,24.66473
1989-04-01,26.61342
1989-07-01,28.44996
1989-10-01,27.73965
1990-01-01,27.15551
1990-04-01,27.58543
1990-07-01,26.30033
1990-10-01,23.71142
1991-01-01,24.79091
1991-04-01,27.98265
1991-07-01,27.79105
1991-10-01,27.15551
1992-01-01,28.38921
1992-04-01,29.54347
1992-07-01,27.67422
1992-10-01,27.27701
1993-01-01,29.25374
1993-04-01,30.93139
1993-07-01,33.58105
1993-10-01,37.15599
1994-01-01,40.00191
1994-04-01,38.62334
1994-07-01,38.2495
1994-10-01,38.1794
1995-01-01,38.11865
1995-04-01,39.25422
1995-07-01,42.08146
1995-10-01,42.80579
1996-01-01,47.33404
1996-04-01,52.29222
1996-07-01,52.48382
1996-10-01,57.53079
1997-01-01,67.08733
1997-04-01,74.73255
1997-07-01,87.92477
1997-10-01,84.27039
1998-01-01,93.33157
1998-04-01,107.0846
1998-07-01,102.1451
1998-10-01,91.03707
1999-01-01,100.645
1999-04-01,107.7996
1999-07-01,110.6969
1999-10-01,116.0196
2000-01-01,130.6964
2000-04-01,131.2315
2000-07-01,134.5055
2000-10-01,130.1273
2001-01-01,119.9081
2001-04-01,114.9293
2001-07-01,101.3235
2001-10-01,94.11152
2002-01-01,97.97338
2002-04-01,95.40317
2002-07-01,71.63614
2002-10-01,66.23402
2003-01-01,57.60743
2003-04-01,58.5014
2003-07-01,64.09419
2003-10-01,65.99615
2004-01-01,69.91783
2004-04-01,69.46688
2004-07-01,67.64716
2004-10-01,70.08092
2005-01-01,75.9256
2005-04-01,76.39852
2005-07-01,82.65489
2005-10-01,85.95599
2006-01-01,94.93585
2006-04-01,94.76015
2006-07-01,95.70084
2006-10-01,102.8031
2007-01-01,107.1402
2007-04-01,115.3611
2007-07-01,114.6541
2007-10-01,111.8988
2008-01-01,96.44107
2008-04-01,101.3095
2008-07-01,85.8971
2008-10-01,56.50317
2009-01-01,51.29872
2009-04-01,55.08582
2009-07-01,62.97685
2009-10-01,69.53558
2010-01-01,72.72358
2010-04-01,73.24043
2010-07-01,71.26136
2010-10-01,75.40174
2011-01-01,79.9571
2011-04-01,77.39389
2011-07-01,66.42702
2011-10-01,65.14798
2012-01-01,71.15808
2012-04-01,66.99854
2012-07-01,71.78802
2012-10-01,72.82779
2013-01-01,75.4466
2013-04-01,75.73868
2013-07-01,78.95378
2013-10-01,82.50488
2014-01-01,84.78256
2014-04-01,87.76074
2014-07-01,88.46498
2014-10-01,88.14347
2015-01-01,98.69071
2015-04-01,105.0957
2015-07-01,99.18419
2015-10-01,97.02941
2016-01-01,90.72304
2016-04-01,94.65453
2016-07-01,96.05367
2016-10-01,97.79768
2017-01-01,105.3032
2017-04-01,111.2656
2017-07-01,111.0525
2017-10-01,114.4331
2018-01-01,113.2031
2018-04-01,115.2153
2018-07-01,115.5527
2018-10-01,106.643
2019-01-01,109.2964
2019-04-01,116.0074
2019-07-01,116.5224
2019-10-01,118.6856
2020-01-01,113.4181
2020-04-01,105.0219
2020-07-01,112.7704
2020-10-01,119.494
2021-01-01,134.4195
2021-04-01,143.5237
2021-07-01,151.4498
2021-10-01,154.3798
2022-01-01,143.0765
2022-04-01,133.1793
2022-07-01,131.6745
2022-10-01,131.4245
2023-01-01,143.5438
2023-04-01,144.0658
2023-07-01,142.947
2023-10-01,142.9045
2024-01-01,158.7216
2024-04-01,171.1157
2024-07-01,168.2422
2024-10-01,162.848
2025-01-01,168.394
2025-04-01,165.1359
2025-07-01,169.3848
2025-10-01,179.3179
2026-01-01,190.6311
2026-04-01,198.6572
