observation_date,SPASTT01NOQ661N
1986-01-01,6.09603
1986-04-01,5.75931
1986-07-01,5.948715
1986-10-01,6.103045
1987-01-01,6.18021
1987-04-01,6.818574
1987-07-01,8.095304
1987-10-01,6.355585
1988-01-01,5.67513
1988-04-01,6.074985
1988-07-01,6.032895
1988-10-01,6.397675
1989-01-01,8.572323
1989-04-01,10.20682
1989-07-01,10.85921
1989-10-01,10.52951
1990-01-01,12.62699
1990-04-01,13.06192
1990-07-01,12.8655
1990-10-01,10.24891
1991-01-01,9.624572
1991-04-01,10.52249
1991-07-01,10.65578
1991-10-01,9.189643
1992-01-01,9.063373
1992-04-01,9.126508
1992-07-01,7.365744
1992-10-01,7.449924
1993-01-01,8.537249
1993-04-01,9.863082
1993-07-01,11.44146
1993-10-01,12.43758
1994-01-01,13.95984
1994-04-01,13.25132
1994-07-01,13.17416
1994-10-01,12.90057
1995-01-01,13.35655
1995-04-01,14.05805
1995-07-01,15.27164
1995-10-01,15.07351
1996-01-01,15.71083
1996-04-01,18.64646
1996-07-01,16.46708
1996-10-01,19.00759
1997-01-01,23.93662
1997-04-01,24.12396
1997-07-01,25.79775
1997-10-01,27.45037
1998-01-01,25.39006
1998-04-01,27.21879
1998-07-01,22.55806
1998-10-01,18.11166
1999-01-01,19.74942
1999-04-01,22.20014
1999-07-01,23.51069
1999-10-01,24.12676
2000-01-01,27.71404
2000-04-01,27.25448
2000-07-01,30.69014
2000-10-01,29.52313
2001-01-01,28.27768
2001-04-01,28.13036
2001-07-01,25.21661
2001-10-01,22.66488
2002-01-01,24.41213
2002-04-01,24.92549
2002-07-01,20.32182
2002-10-01,18.22412
2003-01-01,17.12901
2003-04-01,19.30414
2003-07-01,22.81371
2003-10-01,25.00594
2004-01-01,29.75341
2004-04-01,30.75701
2004-07-01,32.47157
2004-10-01,35.81672
2005-01-01,40.10111
2005-04-01,42.76094
2005-07-01,52.21064
2005-10-01,53.3153
2006-01-01,62.09576
2006-04-01,67.46772
2006-07-01,65.75316
2006-10-01,70.55845
2007-01-01,77.18088
2007-04-01,83.0305
2007-07-01,85.07993
2007-10-01,85.85324
2008-01-01,73.23991
2008-04-01,82.2949
2008-07-01,69.79821
2008-10-01,41.93132
2009-01-01,40.5833
2009-04-01,47.66278
2009-07-01,52.67775
2009-10-01,60.0398
2010-01-01,62.15157
2010-04-01,62.72376
2010-07-01,61.4205
2010-10-01,68.24606
2011-01-01,73.87897
2011-04-01,73.3279
2011-07-01,64.89135
2011-10-01,64.22363
2012-01-01,70.8898
2012-04-01,68.80869
2012-07-01,72.84772
2012-10-01,73.75025
2013-01-01,78.00548
2013-04-01,78.71694
2013-07-01,81.97562
2013-10-01,87.86747
2014-01-01,91.73001
2014-04-01,99.23083
2014-07-01,102.8485
2014-10-01,94.83432
2015-01-01,97.95371
2015-04-01,104.8074
2015-07-01,98.34641
2015-10-01,98.89245
2016-01-01,91.25436
2016-04-01,98.17344
2016-07-01,101.9249
2016-10-01,108.8419
2017-01-01,116.3764
2017-04-01,116.8149
2017-07-01,122.3281
2017-10-01,133.4607
2018-01-01,137.5897
2018-04-01,148.2753
2018-07-01,154.0787
2018-10-01,147.7554
2019-01-01,145.8166
2019-04-01,148.404
2019-07-01,145.34
2019-10-01,151.0397
2020-01-01,141.9355
2020-04-01,128.5604
2020-07-01,139.6004
2020-10-01,146.1826
2021-01-01,165.5748
2021-04-01,177.7793
2021-07-01,185.1987
2021-10-01,197.4827
2022-01-01,199.777
2022-04-01,211.7659
2022-07-01,208.1653
2022-10-01,204.6834
2023-01-01,206.7645
2023-04-01,208.2854
2023-07-01,216.2463
2023-10-01,227.2482
2024-01-01,224.6809
2024-04-01,243.7492
2024-07-01,247.2744
2024-10-01,249.3072
2025-01-01,259.1074
2025-04-01,264.6588
2025-07-01,284.1807
2025-10-01,282.8724
2026-01-01,322.1182
2026-04-01,353.9743
