observation_date,SPASTT01PTQ661N
1988-01-01,38.237
1988-04-01,31.79778
1988-07-01,29.45178
1988-10-01,28.79996
1989-01-01,29.58672
1989-04-01,28.70155
1989-07-01,32.09964
1989-10-01,39.23193
1990-01-01,35.81695
1990-04-01,34.88918
1990-07-01,31.80576
1990-10-01,26.48413
1991-01-01,27.20852
1991-04-01,28.28596
1991-07-01,27.28753
1991-10-01,25.33543
1992-01-01,24.22831
1992-04-01,25.28395
1992-07-01,24.27185
1992-10-01,21.84599
1993-01-01,22.68022
1993-04-01,24.38013
1993-07-01,29.68931
1993-10-01,32.74601
1994-01-01,37.84549
1994-04-01,36.35398
1994-07-01,35.65723
1994-10-01,36.98755
1995-01-01,35.45322
1995-04-01,36.33908
1995-07-01,35.19401
1995-10-01,35.04147
1996-01-01,37.41074
1996-04-01,39.90409
1996-07-01,42.39531
1996-10-01,44.43994
1997-01-01,53.38343
1997-04-01,59.71841
1997-07-01,71.18771
1997-10-01,73.29565
1998-01-01,93.38541
1998-04-01,116.7122
1998-07-01,105.5044
1998-10-01,92.40578
1999-01-01,97.72163
1999-04-01,90.64137
1999-07-01,88.19949
1999-10-01,96.93127
2000-01-01,121.2281
2000-04-01,114.177
2000-07-01,113.1918
2000-10-01,103.7058
2001-01-01,101.2467
2001-04-01,90.79151
2001-07-01,76.80612
2001-10-01,79.34283
2002-01-01,79.2476
2002-04-01,77.05229
2002-07-01,65.96362
2002-10-01,62.19341
2003-01-01,62.31377
2003-04-01,63.72828
2003-07-01,66.43349
2003-10-01,72.13263
2004-01-01,81.43467
2004-04-01,84.69859
2004-07-01,83.65485
2004-10-01,87.64091
2005-01-01,92.451
2005-04-01,91.47682
2005-07-01,92.95171
2005-10-01,98.7772
2006-01-01,112.2552
2006-04-01,120.145
2006-07-01,121.9106
2006-10-01,132.3995
2007-01-01,145.4301
2007-04-01,160.6093
2007-07-01,164.8851
2007-10-01,163.7075
2008-01-01,140.2725
2008-04-01,138.4951
2008-07-01,111.81
2008-10-01,84.56519
2009-01-01,82.48266
2009-04-01,95.16884
2009-07-01,104.9001
2009-10-01,115.294
2010-01-01,109.9095
2010-04-01,103.233
2010-07-01,104.5601
2010-10-01,110.4884
2011-01-01,112.0082
2011-04-01,110.7499
2011-07-01,98.10997
2011-10-01,88.03059
2012-01-01,87.46803
2012-04-01,79.91856
2012-07-01,82.09844
2012-10-01,89.24361
2013-01-01,99.94727
2013-04-01,100.3404
2013-07-01,99.86269
2013-10-01,105.8736
2014-01-01,116.0144
2014-04-01,121.6855
2014-07-01,105.2214
2014-10-01,91.23013
2015-01-01,95.08944
2015-04-01,107.3346
2015-07-01,98.87149
2015-10-01,98.70445
2016-01-01,94.42567
2016-04-01,97.6308
2016-07-01,98.50283
2016-10-01,98.10465
2017-01-01,100.9455
2017-04-01,112.4927
2017-07-01,115.3191
2017-10-01,118.6877
2018-01-01,120.157
2018-04-01,126.1167
2018-07-01,128.803
2018-10-01,115.1291
2019-01-01,119.5027
2019-04-01,125.1164
2019-07-01,125.7008
2019-10-01,131.2869
2020-01-01,131.0177
2020-04-01,120.1972
2020-07-01,127.2954
2020-10-01,134.2155
2021-01-01,147.8888
2021-04-01,150.7678
2021-07-01,157.2781
2021-10-01,166.9956
2022-01-01,162.3411
2022-04-01,177.1767
2022-07-01,185.8813
2022-10-01,174.0842
2023-01-01,177.6494
2023-04-01,183.4996
2023-07-01,178.8136
2023-10-01,178.7706
2024-01-01,173.8853
2024-04-01,179.7928
2024-07-01,184.1419
2024-10-01,172.173
2025-01-01,167.7298
2025-04-01,181.01
2025-07-01,203.1083
2025-10-01,215.1253
2026-01-01,230.1429
2026-04-01,241.9196
