observation_date,SPASTT01SIQ661N
1994-01-01,0
1994-04-01,16.00506
1994-07-01,42.83877
1994-10-01,42.64254
1995-01-01,37.46817
1995-04-01,33.92369
1995-07-01,34.35277
1995-10-01,44.93129
1996-01-01,43.32174
1996-04-01,32.46156
1996-07-01,29.86167
1996-10-01,35.94809
1997-01-01,43.50374
1997-04-01,39.67762
1997-07-01,46.93231
1997-10-01,42.21752
1998-01-01,46.04771
1998-04-01,51.08075
1998-07-01,55.20988
1998-10-01,50.97094
1999-01-01,57.20377
1999-04-01,53.29325
1999-07-01,57.01059
1999-10-01,55.60743
2000-01-01,54.9323
2000-04-01,50.59168
2000-07-01,50.91095
2000-10-01,53.09092
2001-01-01,55.03397
2001-04-01,53.71928
2001-07-01,59.63691
2001-10-01,64.19715
2002-01-01,70.85296
2002-04-01,86.57434
2002-07-01,94.04153
2002-10-01,104.0212
2003-01-01,98.66786
2003-04-01,95.80564
2003-07-01,102.7411
2003-10-01,117.2454
2004-01-01,129.0857
2004-04-01,137.5646
2004-07-01,145.4202
2004-10-01,148.1269
2005-01-01,152.4451
2005-04-01,139.8971
2005-07-01,138.1584
2005-10-01,140.0364
2006-01-01,135.3623
2006-04-01,151.6673
2006-07-01,168.1176
2006-10-01,189.3064
2007-01-01,218.1607
2007-04-01,264.1428
2007-07-01,338.9568
2007-10-01,336.8319
2008-01-01,295.2131
2008-04-01,246.1555
2008-07-01,219.2059
2008-10-01,141.801
2009-01-01,117.7725
2009-04-01,127.8733
2009-07-01,137.9848
2009-10-01,138.8041
2010-01-01,131.2236
2010-04-01,122.7327
2010-07-01,110.7776
2010-10-01,112.8154
2011-01-01,111.4597
2011-04-01,103.8894
2011-07-01,91.47604
2011-10-01,81.95235
2012-01-01,77.28835
2012-04-01,76.65134
2012-07-01,69.82262
2012-10-01,80.21379
2013-01-01,84.84832
2013-04-01,81.99837
2013-07-01,83.79768
2013-10-01,84.74245
2014-01-01,93.69347
2014-04-01,103.4816
2014-07-01,108.1313
2014-10-01,107.6877
2015-01-01,105.8433
2015-04-01,106.4173
2015-07-01,95.2998
2015-10-01,92.43958
2016-01-01,92.36363
2016-04-01,94.52254
2016-07-01,96.52734
2016-10-01,96.52198
2017-01-01,102.0888
2017-04-01,105.2487
2017-07-01,108.1778
2017-10-01,106.3945
2018-01-01,109.7926
2018-04-01,116.2774
2018-07-01,116.7741
2018-10-01,108.7804
2019-01-01,113.0039
2019-04-01,117.5974
2019-07-01,115.8816
2019-10-01,118.962
2020-01-01,120.5952
2020-04-01,109.3825
2020-07-01,114.1028
2020-10-01,114.7532
2021-01-01,128.1418
2021-04-01,145.9951
2021-07-01,156.6722
2021-10-01,162.1429
2022-01-01,164.9397
2022-04-01,155.1288
2022-07-01,149.1515
2022-10-01,138.7724
2023-01-01,154.9081
2023-04-01,164.4676
2023-07-01,161.2352
2023-10-01,160.6956
2024-01-01,183.0262
2024-04-01,198.8868
2024-07-01,215.8731
2024-10-01,219.9863
2025-01-01,258.551
2025-04-01,281.3703
2025-07-01,324.9532
2025-10-01,329.6043
2026-01-01,374.8659
2026-04-01,397.557
