observation_date,SPASTT01SKQ661N
1993-10-01,40.69456
1994-01-01,111.8034
1994-04-01,100.7636
1994-07-01,83.52871
1994-10-01,76.17958
1995-01-01,77.11252
1995-04-01,70.7413
1995-07-01,62.46695
1995-10-01,60.2297
1996-01-01,67.01213
1996-04-01,78.63143
1996-07-01,83.60967
1996-10-01,71.41852
1997-01-01,75.46253
1997-04-01,73.51185
1997-07-01,65.82218
1997-10-01,67.17532
1998-01-01,58.88427
1998-04-01,46.93342
1998-07-01,42.82387
1998-10-01,34.47498
1999-01-01,34.32078
1999-04-01,30.94498
1999-07-01,32.1632
1999-10-01,31.37547
2000-01-01,29.26673
2000-04-01,30.16625
2000-07-01,32.17862
2000-10-01,35.84355
2001-01-01,34.16529
2001-04-01,36.34343
2001-07-01,41.61079
2001-10-01,45.62525
2002-01-01,45.5263
2002-04-01,42.95237
2002-07-01,42.65168
2002-10-01,48.71577
2003-01-01,60.23613
2003-04-01,60.66533
2003-07-01,64.26601
2003-10-01,67.88338
2004-01-01,67.98618
2004-04-01,73.00811
2004-07-01,78.93342
2004-10-01,108.2824
2005-01-01,153.4913
2005-04-01,170.6234
2005-07-01,179.8281
2005-10-01,168.6984
2006-01-01,158.3629
2006-04-01,154.82
2006-07-01,151.6884
2006-10-01,156.9545
2007-01-01,160.4626
2007-04-01,155.717
2007-07-01,164.134
2007-10-01,170.6967
2008-01-01,173.8
2008-04-01,173.4351
2008-07-01,172.4572
2008-10-01,145.1835
2009-01-01,128.4202
2009-04-01,131.9476
2009-07-01,119.8477
2009-10-01,110.0622
2010-01-01,92.1526
2010-04-01,85.35603
2010-07-01,84.53104
2010-10-01,86.47916
2011-01-01,90.17878
2011-04-01,91.14256
2011-07-01,87.09469
2011-10-01,83.26785
2012-01-01,80.24801
2012-04-01,75.20938
2012-07-01,74.18777
2012-10-01,73.83696
2013-01-01,70.75801
2013-04-01,72.0045
2013-07-01,76.02538
2013-10-01,75.40085
2014-01-01,80.27243
2014-04-01,80.85583
2014-07-01,80.55
2014-10-01,83.92836
2015-01-01,91.53192
2015-04-01,95.95374
2015-07-01,99.80885
2015-10-01,112.7055
2016-01-01,120.1446
2016-04-01,123.8275
2016-07-01,121.3268
2016-10-01,120.8937
2017-01-01,119.3992
2017-04-01,119.0973
2017-07-01,127.8664
2017-10-01,123.7221
2018-01-01,129.2169
2018-04-01,128.0064
2018-07-01,129.5446
2018-10-01,128.2403
2019-01-01,130.4287
2019-04-01,135.0998
2019-07-01,132.1597
2019-10-01,133.0682
2020-01-01,133.5372
2020-04-01,131.6225
2020-07-01,131.2447
2020-10-01,133.6927
2021-01-01,138.0053
2021-04-01,142.0673
2021-07-01,144.7877
2021-10-01,151.93
2022-01-01,153.4399
2022-04-01,145.1874
2022-07-01,139.0847
2022-10-01,130.5559
2023-01-01,125.8373
2023-04-01,121.1932
2023-07-01,125.4993
2023-10-01,123.5666
2024-01-01,120.0495
2024-04-01,119.5432
2024-07-01,117.3573
2024-10-01,116.2843
2025-01-01,114.1383
2025-04-01,113.9957
2025-07-01,108.7206
2025-10-01,106.1235
2026-01-01,113.632
2026-04-01,120.453
