observation_date,CRDQCAAPABIS
1954-01-01,17.972
1954-04-01,18.191
1954-07-01,17.729
1954-10-01,18.489
1955-01-01,18.161
1955-04-01,19.118
1955-07-01,20.503
1955-10-01,22.848
1956-01-01,23.566
1956-04-01,25.152
1956-07-01,25.345
1956-10-01,25.849
1957-01-01,25.354
1957-04-01,25.899
1957-07-01,25.933
1957-10-01,26.172
1958-01-01,25.727
1958-04-01,25.547
1958-07-01,25.706
1958-10-01,26.847
1959-01-01,27.771
1959-04-01,29.629
1959-07-01,31.358
1959-10-01,31.174
1960-01-01,30.351
1960-04-01,30.955
1960-07-01,30.892
1960-10-01,31.963
1961-01-01,31.207
1961-04-01,31.736
1961-07-01,32.265
1961-10-01,33.435
1962-01-01,33.607
1962-04-01,36.159
1962-07-01,37.220
1962-10-01,36.788
1963-01-01,35.978
1963-04-01,37.074
1963-07-01,37.309
1963-10-01,38.643
1964-01-01,38.911
1964-04-01,41.043
1964-07-01,41.861
1964-10-01,43.242
1965-01-01,43.834
1965-04-01,46.846
1965-07-01,48.789
1965-10-01,51.232
1966-01-01,50.669
1966-04-01,52.310
1966-07-01,53.011
1966-10-01,54.261
1967-01-01,55.180
1967-04-01,56.305
1967-07-01,58.718
1967-10-01,61.722
1968-01-01,63.161
1968-04-01,65.247
1968-07-01,67.144
1968-10-01,70.522
1969-01-01,67.953
1969-04-01,70.842
1969-07-01,72.840
1969-10-01,74.845
1970-01-01,75.173
1970-04-01,76.462
1970-07-01,78.479
1970-10-01,80.305
1971-01-01,81.748
1971-04-01,84.679
1971-07-01,87.959
1971-10-01,91.408
1972-01-01,94.254
1972-04-01,98.038
1972-07-01,101.652
1972-10-01,105.860
1973-01-01,110.070
1973-04-01,115.761
1973-07-01,120.508
1973-10-01,126.820
1974-01-01,132.403
1974-04-01,140.194
1974-07-01,146.909
1974-10-01,152.951
1975-01-01,158.323
1975-04-01,164.711
1975-07-01,170.577
1975-10-01,177.187
1976-01-01,184.065
1976-04-01,191.925
1976-07-01,199.179
1976-10-01,207.114
1977-01-01,216.074
1977-04-01,225.118
1977-07-01,233.539
1977-10-01,241.404
1978-01-01,249.770
1978-04-01,258.433
1978-07-01,267.970
1978-10-01,278.417
1979-01-01,290.812
1979-04-01,304.464
1979-07-01,317.961
1979-10-01,329.832
1980-01-01,341.934
1980-04-01,355.074
1980-07-01,365.012
1980-10-01,378.992
1981-01-01,394.923
1981-04-01,416.173
1981-07-01,434.852
1981-10-01,442.007
1982-01-01,450.219
1982-04-01,454.546
1982-07-01,455.571
1982-10-01,452.931
1983-01-01,453.074
1983-04-01,453.917
1983-07-01,456.844
1983-10-01,460.226
1984-01-01,469.741
1984-04-01,478.167
1984-07-01,483.862
1984-10-01,490.035
1985-01-01,502.188
1985-04-01,510.408
1985-07-01,527.280
1985-10-01,539.165
1986-01-01,550.572
1986-04-01,565.827
1986-07-01,577.370
1986-10-01,588.582
1987-01-01,599.981
1987-04-01,623.021
1987-07-01,639.646
1987-10-01,662.249
1988-01-01,687.059
1988-04-01,711.060
1988-07-01,737.663
1988-10-01,760.556
1989-01-01,782.370
1989-04-01,808.609
1989-07-01,836.710
1989-10-01,864.489
1990-01-01,890.373
1990-04-01,908.517
1990-07-01,924.353
1990-10-01,937.640
1991-01-01,951.316
1991-04-01,963.476
1991-07-01,973.778
1991-10-01,990.488
1992-01-01,996.442
1992-04-01,1010.778
1992-07-01,1019.051
1992-10-01,1025.062
1993-01-01,1044.484
1993-04-01,1055.140
1993-07-01,1073.665
1993-10-01,1081.383
1994-01-01,1095.982
1994-04-01,1104.047
1994-07-01,1113.022
1994-10-01,1127.265
1995-01-01,1150.811
1995-04-01,1157.429
1995-07-01,1169.345
1995-10-01,1179.929
1996-01-01,1188.232
1996-04-01,1197.419
1996-07-01,1209.423
1996-10-01,1221.348
1997-01-01,1257.170
1997-04-01,1277.915
1997-07-01,1298.890
1997-10-01,1316.104
1998-01-01,1344.261
1998-04-01,1378.185
1998-07-01,1407.189
1998-10-01,1423.049
1999-01-01,1425.541
1999-04-01,1436.999
1999-07-01,1451.022
1999-10-01,1457.487
2000-01-01,1518.091
2000-04-01,1547.248
2000-07-01,1577.193
2000-10-01,1592.100
2001-01-01,1652.085
2001-04-01,1671.184
2001-07-01,1710.814
2001-10-01,1723.704
2002-01-01,1764.721
2002-04-01,1789.911
2002-07-01,1825.119
2002-10-01,1847.327
2003-01-01,1848.130
2003-04-01,1869.492
2003-07-01,1884.495
2003-10-01,1899.975
2004-01-01,1957.359
2004-04-01,1987.416
2004-07-01,2013.938
2004-10-01,2050.367
2005-01-01,2047.023
2005-04-01,2097.326
2005-07-01,2116.988
2005-10-01,2123.682
2006-01-01,2162.553
2006-04-01,2194.944
2006-07-01,2252.086
2006-10-01,2301.861
2007-01-01,2410.525
2007-04-01,2446.998
2007-07-01,2501.820
2007-10-01,2547.144
2008-01-01,2632.828
2008-04-01,2657.250
2008-07-01,2708.029
2008-10-01,2765.969
2009-01-01,2791.014
2009-04-01,2828.124
2009-07-01,2851.321
2009-10-01,2871.402
2010-01-01,2891.555
2010-04-01,2942.142
2010-07-01,2965.672
2010-10-01,2990.469
2011-01-01,3040.161
2011-04-01,3087.562
2011-07-01,3164.986
2011-10-01,3176.905
2012-01-01,3219.944
2012-04-01,3278.591
2012-07-01,3335.437
2012-10-01,3369.652
2013-01-01,3438.498
2013-04-01,3512.034
2013-07-01,3566.701
2013-10-01,3611.688
2014-01-01,3685.098
2014-04-01,3741.766
2014-07-01,3825.379
2014-10-01,3865.700
2015-01-01,3998.389
2015-04-01,4043.716
2015-07-01,4114.841
2015-10-01,4159.215
2016-01-01,4153.492
2016-04-01,4236.616
2016-07-01,4301.938
2016-10-01,4330.248
2017-01-01,4406.409
2017-04-01,4471.298
2017-07-01,4515.920
2017-10-01,4577.047
2018-01-01,4634.811
2018-04-01,4742.328
2018-07-01,4789.531
2018-10-01,4839.560
2019-01-01,4895.153
2019-04-01,4994.439
2019-07-01,5063.005
2019-10-01,5124.144
2020-01-01,5241.644
2020-04-01,5331.609
2020-07-01,5383.957
2020-10-01,5439.743
2021-01-01,5500.832
2021-04-01,5645.951
2021-07-01,5766.623
2021-10-01,5852.172
2022-01-01,5937.963
2022-04-01,6002.263
2022-07-01,6114.784
2022-10-01,6182.661
2023-01-01,6285.284
2023-04-01,6353.510
2023-07-01,6433.905
2023-10-01,6529.495
2024-01-01,6536.724
2024-04-01,6632.037
2024-07-01,6734.548
2024-10-01,6802.856
2025-01-01,6873.993
2025-04-01,6936.783
2025-07-01,7038.449
2025-10-01,7099.942
